sentiment,txt
1,انشاء الله هنعمل حاجه
0, اقسم باللله ان العرب اكثر الشعوب تخلفاا
0,﻿هات ناس تفهم .. و المثل بحكي اسأل مجرب و لا تسأل خبير
0,صرماتي براس اهلك
0, حرام السخرية من الناس
0,﻿ طوقان بدور ع منصب يضل فيه عشر سنين لقدام لاسئلان في نووي و لا سلامة الاردن
1,عمرتنا كانت مميزة جدا ورائعة
0,﻿ يمكن جايين سكارى ويغنون !
1,يا سلام ما أحلى أن يواسي المسلم أخاه  هذه هي أخلاق الإسلام التي أصبحنا نفتقدها يوماً بعد يوم
0, جد اشي بخزي!!
0, الله معكى يا حجه
0, ازا كان حالك احسن من حالو دوس لايك وقول سبحان الله 
0, يعني ما أختار الا الاغنيــه اللي أغلب أحرفها الحرف اللي يقرط فيه 
0,﻿ والله الحياة كلها بتخزي بدونكم 
1,حلو
1,فعلا
0,مسخرة﻿
1,الحمدلله على كل حال
0, لأن ما بعتقد انو في هالقد عاهات ما بيعرفوا انو صوتهم نشااز لأنو كتيير نشاز وازا في رح تكون حالات استثنائية مو بهاد الكم الكبير
1,اميره ممكن اضافه لو سمحتي
1,اللهم ارزقنا وإياك الجنه 
1,كلام حقيقي
0, يستهبلووا
0,اذا اليابان اكلت هوا من النووي كيف احنا
0, العرق كل شوي يزييد
1,اللهم ارزقنا الاخلاص
0,نهايه مواطن طفران
1,اللهم ثبته على دين الاسلام اللهم يا مقلب القلوب ثبت قلبي على دينك
0, مجانين العرب
0,تابعت هذا الجوال من بداية صدوره وقبل اقترابه للعالم العربي .. فعلا يستحق كل هذه الاهمية
0,﻿عاهات 
0,وذلك ليذوقوا ايران وسوريا وشيعتهم وبال امرهم
1,اللهم ارزقني حبك و حب من أحبك و حب عمل يقربني لحبك
1,اللهم أعنا على تقواك
0, أنا متأكده أنو هذولي مدفوعلهم علشان يجون يغنون لأنو مافي ناس مهابيل لهالدرجه
1,الله يبارك فيك لانك غيرت في صاحبتي كتير وهي من المتؤثرين فيك وهي اللي عرفتني عليك
0,احنا بنتهاوش مع الكتب  
1,﻿اللهم ارنا الحق حقا و ارزقنا اتباعه و ارنا الباطل باطلا و ارزقنا اجتنابه
0, هههههههههههههههههههه وهابي عفن ومكبوت تفكيرك محصور بين فخذيك فقط لاغير. الجنة اللتي ستدخلها أنت لا أريد دخولها، جهنم أشرفلي وأهون علي من أن أكون مع أحد الوهابيين المنحطين لواطيي الأطفال
0, اقلب وجهك
1,ابدأ بنفسى الأول اغيرها
1,﻿اللهم اغننا بحلالك عن حرامك و اغننا بفضلك عمن سواك
0,بقرف زيك
0,﻿مزعج الي كثييير
1,اللهم ارضنا بقضائك
1,﻿ اللهم عفوك و رضاك و الجنه 
0, من زمان ماشفت مخلوقات فضائيه هع 
0,﻿الموضوع ما اله علاقه بالتخلف بس لما تكون الاضرار اكثر من الفائده بلا منه و اﻷهم من هيك انه المفاعل بحاجه لتبريد دائم و للاسف وين المي يلي عنا؟؟؟؟
0,﻿ اكدب عليك انت منو اللي كاذب عليك
1,يارب قويني
1,﻿من توكل على الله .. يعانق قلبه النور و الصفاء 
1,الله أكرم ألآكرمين اللهم أعنا على أنفسنا واللهم أرضى عنك يارب العالمين
1,ركز في الإجابه وقول يارب وخد قرار 
0,﻿ لا والله ما بلسه يع
0, الحروف عنده مزغوبه
1,ثبتك الله يا أستاذي و نصرك
0,شي مؤكد انك حمار 
0,الله لا يرفعه من مكانه اللي برفع الاسعار
0,خرى عليك
1,الحمد لله الذي نصرنا نصرا مؤزرا
0,﻿ صرت عاءل أشك أب هل أمر صراحتن
0,﻿يا حبيبي هاي صار للرجال تنانير؟؟؟؟؟؟؟؟  تفي ع هيك رجالة
0, مين وله؟
1,وفقكم الله
0,﻿و ارضيت يا دولة الرئيس تكون ... الله اسهل عليك يا عون الخصاونه
1,﻿دعاء جميل ماشاء الله
1,ايه الاحساس الراقى ده
0,﻿الدول المتقدمة الان تتجه لستخدام الطاقة المتجدده لانها اقل كلفة و ليس لها مخاطر على البيئة و الانسان و نحن الان نعاني من ضائقة مالية كبيرة و شحة مياه شديدة و كلنا يعلم مدى حاجة المفاعل للمياه اذكركم فقط بما حدث في اليابان و هي الدولة الاكثر تطور في مجال التكنولوجيا و هي عبارة عن جزر و كذلك كم أثر علينا المفاعل النووي الاسرائيلي و حالات السرطان المنتشرة ولو لاحظنا التشوهات الخلقية الاكثر في جنوب البلاد
1,الحمد الله على الاسلام .. يا رب اهدي كل من احب هذاا الدين وكل من تردد في دخوله .. وارحمنا جميعا 
1,اشتاق للصلاه ودائما 
0, والله لو طلبوا مين اللي عندو قلب قوي ١٠٠ متر للجري مايتقدم ولا حمار عربي 
0,والله انا خايف انو طخوا بعد هاي الصورة 
1,عجل يا الله
1,يميييي شو هالاكلات الزاكبة هاي شهتونا
1,الله عليك يا شيخ تحفة
1,ياسلام حلوشديد
0, والله عاهات
1,يسعد صباحك بذكر الرحمان
0,﻿و سيارة الحكومه من السعوديه اجن هديه يزلامه المسؤالين اكلونا
1,يا ريت لو يعملوا دورات قبل الزواج 
1,يا رب اريد تجديد ايماني ساعدني
1,عجبتنى الحلقه
0,﻿و الله احلا شيء انه الواحد يهاجر او يشتغل حرامي عشان يقدر يعيش الله لا يوفق الي كان السبب و الله حرام
1,نعم والحمد لله
1,﻿اللهم ان كان رزقي بعيدا فقربه لي و ان كان قريبا فيسره لي وان كان كثيرا فبارك لي فيه
1,صباح الخيرات والعبادات
1,﻿الله ما يحرمنا من كلماتك الحلوة يا شيخنا
1,والله رفعتوا راسنا يا شباب الله يقويكم
1,﻿صباح الخير و النور و الأنوار 
0, نيله تنيلكم من وين جايبين هالحثانه 
1,وجعلنا من الماء كل شيء حي
1,ربك دايما جنبك لو ناديتوا ها تلاقه
0,﻿و هكذا جنت على نفسها براقش
1,ده عمله نادرة...الاخلاق ملهاش علاقه بالدين
1,الاهم نكون صادقين مع نفسنا لنكون صادقين مع الاخرين
1,هذا الشخص هو انت يامصطفى 
1,الله يهدي النفوس
0, ؟ سخافة الشاميين ابدا ما ينفع لهم الكوميديا
1,﻿اللهم ارزقنا العمل الصالح و الزريه الصالحه و ارزقنا يا الله حسن الخاتمه
1,يارب تهدينا إلي الصراط المستقيم
1,حينما ننجح فى الانتصار على انفسنا
0,﻿انا لله و انا اليه راجعون و الله يستر هالبلد
1,﻿كن كما أنت و لا تتغير من أجل أحد
0,﻿ ابو معيتق قطع اوتار العود وقال السلام عليكم 
1,اللهم يا محول الاحوال حول حالى إن أحسن حال 
0,بطلت اتجوز
0, ناس تبي تتمصخر ماتدري شلون
0,﻿حسبنا الله و نعم الوكيل فيكوا
1,مفيش اكرم ولا ارحم من ربنا
1,ونعمه بالله
1,﻿اللهم لا تدع لى ذنبا الا غفرتة . اللهم اصلح لى دينى
1,اصدقاء اوفياء ونتعلم منهم
1,اللهم اهدنا الى صراطتك المستقيم
0,﻿ ولا مستحيل يطلع واحد يفشل نفسه كذا
1,قولى يارب .. ثم توكلى عليه انه نعم المولى و نعم الوكيل.و احتسبى عنده ما تظنين انك لا تقدرين عليه 
0, وين القناه التافة الى تعرض هذول المعاتية صحيح نحن في انحطاط
0,﻿خليه يرفع لكن اللي عنده وطنيه و انتماء يصف سيارته بالشارع و يروح على الشغل مشي
1,ربنا المستعان ادعولنا ارجوكم
1,الحمد انا متفائلة جدا في كا امور حياتي ورح اضل هيك دائما
1,حقيقة
0, ولا انا صوووتي كذا اجي اهباال هوو
1,اللهم كن مع اخواننا في سوريا 
1,﻿مش عارف لية بيتحوله و هما الى دواره عليك وكان نفسهم تكون معاهم فى الأول
0,كـلمـة حـبـ عـجـبـتـنـى جـيـتـ آقــؤلهـآ جــرحـتـنـى
0, اغبياء
0, عرب اغبياء
1,اللهم ارزقنا رزقا حلالا
0, مياعة وسئالة من عدولة والي معو
0,﻿ كتكوت ضعيف الجناح و الدنيا غدرت هااا
0,كلهم معندهمش احساس
1,عجبتني
1,يارب ساعدني وقويني وساعدني أخد حبيبي
0, فعلا مهزله
1,يالله ما اروع هائولاء الناس
1,﻿ربنا يبارك فيه و يكون قدوه للجميع المسلمين فى انحاء العالم
1,﻿اللهم انك عفو تحب العفو فاعف عنا
0,انت عنجد بنت فاشلة
0, فطست ضحك على الشايب
0,تحطم ماتبقى من اطيافي
1,﻿ناس عزيزة و المعزة لهم غير ... فيهم صفات الصالحين العلية
0,﻿  يخرب الدلع
0,﻿يا جاهلين .. يلي بحكي عن الطاقه .. النووي وجودو كفيل بوفاة 10000 شخص وولادة 10000 طفل مشوه .. ولو انو اشي منيح كان ما بزتوه بالصحرا .. وجودو بعيد بقلل مخاطر بس ما بمنعها .. و يلي بحكي انو احنا امه جاهله ما بدها تطور .. بكون هوه الجاهل و عدو نفسو و عدو الانسانية .. و بلا ننوي و بلا زفت ... قال نتطور قال . .لو بدنا نتطور طورنا حالنا من زمان مش على دور الننووي .. شعب جاهل
1,التشائم يقتل الحياة
0,﻿  أخ يا بطني عورني من الضحكككك 
1,﻿الله الله عليك يا استاذ عمر و بارك الله لك و بارك عليك و جزاك الله عنا خيرا كثير
1,بارك الله فيك أنانضال فدعولي بزوجة صالحة
1,﻿صباح الاماني المحققه باذن الله 
1,يجب على المسلم ان يواسى اخوه فى الاسلام
1,﻿اللهم اجعلنا دائما مسلمين صادقين في افكارنا و في اعمالنا
1,﻿الحمد لله على القضا و القدر
1,كلام سليم 
1,سلامي عليك 
0, طلعوا العرب اخس واخس واخس
0,﻿ صوتهآ بعيرَ ومصدقه حآلهآ 
1,يا رب خد بياايدينا يااجبرنا ياجبار السموات والارض
0, تدرون ،، الشرهه ع اللي شجّعهم يروحون للبرنآمج
1,يارب أنت المستعان فأعنا واهدنا يارب الكون أجمع استجب
1,انت يا دكتور خير اخ ربنا يزور عليك
1,وان مدحتك بالقصائد ماوفيت
0,تليفيزيون المستقبل صار سيء للغاية ما أدري ليش!!
1,لأن بالفعل في شي
0,﻿ والله ما يحرر عزبت بنقاليه 
0,﻿ 58 ثانية كأنه جورج وسوف وهو في الحمام معه اسهــــــــــال تكرمون جميعاااااااااااً 
1,الوفاء اصبح شئ نادر يكاد يكون معدوم
0, قمة التخلف والانحطاط
1,ربنا يستر واخلاق المتاسلمين لا ترجعه مرة اخرى
1,الله يعين الجميع
1,الله يزيدك من العلم ما تنتفع به الامه
1,المهم الدعاء في السجود حتى تغسل عينيك الدموع
1,فى ناس كتيرربنااكرمهابنعمة الاسلام ولكنهالاتدرك قيمتها
0, متى يجي .. عام 2050 عشان ادخل رجلي مع الشاشه واحطها بفمك 
0,﻿التقدم و الازدهار يكون مرتبط بقواعد الأمن قبل الشروع في بناء المفاعل عليكم قراءة التقارير الصادرة عن هيئة الطاقة و المخاطر التي سيجنيها الأردن جراء انشاء المفاعل يا عزيزي ديمونه انتهى عمره وسيكون المفاعل الاردني بديل في أرض ستكون مكباً للنفايات النوويةة المطلع الله
1,﻿اللهم اجعلنا ممن يتمتعون بروح و ريحان
1,يارب أعيني علي دكرك وشكرك وحسن عبادتك 
0,وقعنا ولا ما وقعنا يللي بدهم يعملوه بيعملوه
0,انا ضد وجود المفاعلات النووية في الأردن
1,كلام بليغ اللهم أرزقنا الزوج الصالح من يعرف معني رفقا بالقوارير
1,﻿اللهم اعنا على انفسنا و اجعلنا نرى الدنيا صغيرة و الآخرة كبير
0,كلاب بتعوي
0,عيب عليكوا تقارنوا وحدة زى دى بالمصحف الى هوا كلام ربنا
1,عمل السريرة هو العمل الخالص لله اللهم ارزقنا عمل السريرة
1,اللهم اكثر من امثالهم
1,اللهم قوِّ إيماننا لنكون أصحاب عزيمة و قرار 
1,﻿الاسلام هو حسن الخلق ألا تعرف بأن الحبيب صلى الله عليه و سلم لقب أمينا قبل نزول الوحي 
0, الجيل الي هيحرر فلسطين شوفه في سوريا يقاتل العلويين الكلاب لكن ربي يعلمهم فنون القتال ويربيهم،،
0,و إلى أسماء الاسد : كـــس أخـــت زوجـــك :)
0,احلى زبالة  بوجهك
0,احسن من هيك رئيس وزراء ما في 
1,أهلا وسهلا بك بيننا يا طارق
1,يارب اجعلنى من المصلحين
0, خسارة فيك اسمك :
0,﻿اللهم انا نشكو اليك ضعف قوتنا و قلة حيلتنا حسبنا الله و نعم الوكيل
0,﻿  سبحان الله غصبن على الي مايرضى ودهم يروحون النار حتى بالحرام موفالحين
0,﻿ما ازنخك انت و مقالاتك
0, العجوز هذا والرجال إلي بجنبه بله وأغبياء وأنهم يثبطون الواحد
0, من اجل هذا تم قدوم ٢٠ الف من الجيش الامريكي
0,﻿ برنامج قديم
1,ربنا يباركلك يا أستاذي و يعزك
0,ﻣﻴﻴﻴﻴﻴﻦ ﺑﻀﻞ ﻳﺸﻴﻞ ﺍﻟﺸﺒﺸﺐ ﻣﻦ ﺟﻤﺒﻲ
1,الهم اصلح بنات المسلمين
0, صوته مره منبح احسه تعبان عاد زبدولة مابقى الا يطلع بعد شوي 
1,اللهم ثبتنا وثبته على دينك الحنيف وسنة نبيك
0,الله اكبر على كل ظالم
1,اللهم اهدنا لكل عمل يقربنا اللى حبك
0, لو يطلع عليهم 10 من مخيم اربد و 10 من مخيم الحصن و 20 من مخيم الزرقا و 30 من مخيم عمان و 20 من مخيم البلقاء و 20 من مخيم الشهيد عزمي المفتي بفضحو عرضاتهم كلهم
1,﻿انت مو انت و انت جوعان كل شوكولاته و افرح
1,الله اكبر ولله الحمد
0, بس انا دايم احسها خشنة و رجال 
1,﻿اللهم اصلح حالي و احفظني و نور قلبي و اجعل طريق الخير طريقي و اجعل عملي خالصا لوجهك الكريم و توب علي و اغفر لي زلاتي
1,﻿أللهم ثبت قلوبنا على الإيمان
1,الحمد لله الحمد لله الحمد لله لن يسعنا الكون حمدا و شكرا ففضلك ربي اعظم و انت ربنا الاكرم
1,الحمدلله من كل ضيق اسجد لله احس ان فى اعله مستوا وانسا واتذلل الى الله ليحمينى من فتن الدنيا واحسن منزلى فى الجنه
1,هذه من أقوال الرفيق المناضل 
0, طول عمري بخاااف من العوب العب
1,لا تحزن الدنيا ما فيها اشي تحزن عليه
1,سعادتنا تكون بحسن الاستمتاع بالأشياء التي نحصل، عليها كما تكون بحسن الاستغناء عن الأشياء التي نُحرم منها
0, مهزلة
1,بارك الله لكما وبارك عليكما وجمع بينكما على خير
1,الله يستر على بنات المسلمين جميعا
0, طول عمر بخاف أن أمثالك يصبحوا مطربين
1,نفسي اروح عمرة واشوف الكعبة
0, والله انك مسخره يا عجوز
0,﻿ اظن انهم حبو وانجرحوا وضاعت عقولهم وما دخل قلوبهم الا اغاني الجروح عشان كذا حافظينها وجايين يقولونها .. اللهم لاشماته 
0,بسسسسس  مقززز
0, هذه رويدا عطيه يا الخبوول
0,اللي موافق عالمفاعل يبنيه جنب داره ... ما يسطح الواحد غير المتحذلقين اللي يخلوا حالهم مثل ابو العريف ما حد يفهم غيرهم .... رابع افقر دوله في العالم في المياه وتبنى مفاعل نووي !!! استنوا لما يطورو مفاعلات نووية صحراوية وبعدين اشطحوا
1,ماشاء الله عليكم بجد موضوع مهم جدا والاهم الرقي الرائع في الحوار 
1,ضع امنياتكم في سجده انساها وتاكد ان الله لن ينساها ابدا
1,انا مش عارفة كيف ابدا حياتي
0, اقرفني شعر تقول حاط دبر امل وجاي
0, يخرب زوئك
0, التاسعه تبي تكسر الكميرا
0,﻿ياخسارة العروبة فيك
0,﻿آخر واحد مهستر
0, مش طبيعي سماكة الدم شو ها عدولة خرب المفطع لشو المبالغة والاوفر يعني
1,الابتسامه كلمه طيبه بغير حروف
0,"للأسف البعض يعتقد ان المفاعل النووي سيحل مشاكلنا الاقتصادية ولكن الأردن لا يمتلك موارد مالية وهذا يعني الحاجة لشريك أجنبي ""كما اعلنت هيئة الطاقة"" يملك غالبية الأسهم كما في تركيا على سبيل المثال وذلك يعني ان هذا الشريك سيمتلك الجزء الأكبر من المفاعل ولن يكون ملك للأردن وبالتالي ستقوم الحكومة ايضاً بدفع تكاليف الكهرباء للمستثمر وبالتالي المفاعل النووي لن يوفر لك الكهرباء بسعر قليل"
0, السلام عليكم الحقيقه انا لا اعرف شو وقاحة هاي اللجنه المشترك يعطي ما عنده من مواهب هذا ما عنده وهم يعطون ما عندهمما 
1,اسعد الله صباحكم علامتنا بالخيرات
0,مسخره
1,متخافش يامؤمن قول يارب وحب ربك دة هو اللى خلق النعمة اللى انت متعلق بيها يعنى هو اعظم من النعمة دى وانت عارف كدة
0, دمهم ثقيل
0,"﻿للأسف البعض يعتقد ان المفاعل النووي سيحل مشاكلنا الاقتصادية و لكن الأردن لا يمتلك موارد مالية و هذا يعني الحاجة لشريك أجنبي ""كما اعلنت هيئة الطاقة"" يملك غالبية الأسهم كما في تركيا على سبيل المثال و ذلك يعني ان هذا الشريك سيمتلك الجزء الأكبر من المفاعل و لن يكون ملك للأردن و بالتالي ستقوم الحكومة ايضاً بدفع تكاليف الكهرباء للمستثمر و بالتالي المفاعل النووي لن يوفر لك الكهرباء بسعر قليل"
1,أحلى صباح من أحلى شيخ في العالم 
0,﻿ رهيب حسن ... تعاالى .. تعاالى 
1,بارك الله في دين الاسلم
1,صباحكم سعادة وعبادة مقبولة ان شاء الله
1,﻿أحب الله تعالى و رسوله الكريم
1,اذا دم البشر أحمر
0,نحن نرفض المفاعل النووي
1,الله يبارك فيك ومرحبا يااخي في الاسلام
0,﻿ السماعات خربت 
0, والله هبل في هبل
0, حتى بالستايل مقلده الله ياخذ عمره الغبي 
1,﻿صدقت يا رب إجعلنا راضين بقدرك
0,هو فى حد اساسا لسه بيتابع البت دي هاي عنجد بتقرف
1,﻿الحمد لله أكسجين يعيد للصدر أنفاسه ، ف تجدها ب الصوت السعيد و الصوت المتئاكل من البكاء
1,﻿و الله و بالنهاية يكونو رائعون
0,﻿ اللهم لا شماته ليش ياربي  يحرجوا انفسهم
1,يارب عوضنا خير مما أخذ منا
1,إنه غير مسلم ويعرف قلبه الوفاء فكيف حال المسلمين اللهم أرزق بنات المسلمين زوجا طيبا محبا مثله 
1,عليك بتقوى الله ان كنت غافلاً 
1,الحمد لله ع السلامه 
1,كلام جميل 
0,﻿ هالانسان مجنون لابس بدلة رياضة وجاي يغني حتى لو صوتك زين اللبس عدل
1,كلنا ما انتصرنا على نفسنا وعلى الحاجة ددي إلي متعبتنا ومبعدتنا عن الله .، 
1,قول يا رب وخد قرار 
1,والحاجة الي انت بتحبها دي هي مش اكتر من حاجة زينها الشيطان واقنعك بحلاوتها بس هتندم بعدين
0,انتخب مين يا عم  هى  ناقصة لبخة فى الكلام  معتش الا الاهبل ده كمان يبقى رئيس جمهورية
1,﻿نحن نحبك في الله و ندعو لك بظهر الغيب
1,﻿و نعم الصديق
1,يالله ارحم احبتى واشفهم وعافهم واعف عنهم
0,ههههههههههههه شكلو عمرو ماشاف كاميرا تصورو
1,صلوا علي من بكي شوقاً لرؤيتنا
0, برنامج معوق ومشاركين معوقين:)
0,يلعن شرف خواتك 
0, خبر عاجل يمنع لجميع المجانين التقدم الى سوبر ستار
1,صباح الورد والفل
0,"الوحيد الذي لايتركني ولو لحظه"""
0, يلعن ام اللي باخر المقطع حق عدوله يا هو ثقيل دم
1,﻿اللهم اصلح حال المسلمين و اجعلهم من الرباتين حتى نحرج مما نحن فيه لانه ان خلصت النوايا صلحت الاعمال
1,يا طيبة بالروح افتدينا
1,انا اخدت قرار وبعدت عن معصيه لله وقدرت وربي وفقني
0, وجه حسن عزااب
1,جزاك الله خيرا
0, تفو كس امك حمارة
0, تضرب منك لعدوله
1,ما اضيق العيش لولا فسحة الامل،...الحمد لله
1,يا الله استجب دعائي ياالله مادكيت بابك يوم ورحعتني خالية الوفاض
0,﻿
0, قمة التخلف البشري الله يشفيهم
0, كنا نقول عاهات
1,﻿صباح الفل و الورد يا شيخ سلمان عطر الله صباحك بذكره و شكره و حسن عبادته
1,قول يارب وخذ قرار 
0, لعن الله المتشبهين من الرجال للنساء
1,الحمد لله على نعمة الإسلام
1,﻿اللهم لا تجعلنا من المنافقين
1,ربنا يكفينا هذا الشر
0,يارجاااااااااله ينهاااااار﻿ منيييييلل
0,لو كاكا بالبرازيل كنت اعطيط لايك بس هيك فشر
1,﻿اشهد الله اني احبك فى الله و ادعوا ان نحشر مع حبيبنا و امامنا محمد صلى الله عليه و سلم فى الجنة امين
0,غبيييي من جده
0, ثقيلين دم كثير
1,يا شيخ خالد ربي يحفظك نبي منك طلب 
1,يا رب استجب دعائنا وانصر اهلنا في سوريا
1,لا كرامه في الحب والغرام
1,انا فعلا مؤمن بالفكرة دي جدا وبحاول انفذها
0,﻿المفاعل النووي سيحتاج لشريك استراتيجي يمتلكه او جزء كبير منه و ستدفع الحكومة الأردنية ثمن الكهرباء لهذا المستثمر لذلك يوجد احتمال كبير ان ترتفع هذه الفاتورة
0, اموت بصوتها
0,كلو حكي فاضي
1,﻿صباح هادئ ۆ انفاس تحمل تفاؤل ۆ يقين بان گل مَ سيكتبہ أللہ لنا ﻓي كل يومَ خير أصبحنا و أصبح الملك لله 
0,لى جماعه الاخوان الخسيسة كيف بدكو الوطن يتصلح وانتو قسمتوه لفريقيين كل واحد منكم اخدنا لمطرح ومش عارفين واصليين لوين
1,اللهم إجعلنا ممن يأخذون بالأسباب
0,﻿لنفترض جدلا ان لا اضرار صحية و بيئية سينتج عن بناء مفاعلات نووية سلمية ، دعونا نفكر في الكلفة من حيث اولا: كلفة بناء عالية جدا لعدم امتلاكنا لهذه التكنولوجيا على شكل ديون تثفل كاهل العشر اجيال القادمة، ثانيا: لنفس السبب سنستورد خبراء للتشغيل لسنوات طويلة مما يزيد كلفة الطاقة وليس العكس ناهيك عن حصول اي اخطاء مفترضة مستقبلا ثالثا: اين هو المكان البعيد عن المدن في الاردن واين مصدر المياه الكافية للتبريد رابعا:من حق المواطنين واصحاب القرار الحصول على تقرير منشور للاثر البيئي مسبقا. بنفس الوقت نستطيع الحصول على نفس كمية الطاقة من الصخر الزيتي الذي نمتلك منه احتياطي هائل ومن الغاز الطبيعي المؤمل مستقبلا ومن الطاقة الشمسية ومن طاقة الرياح بكلف نسبيا اقل بكثير من النووي دون اعباء ديون اضافية.
0,والله انك ما زلية يا شيخ اكيد مدفوعله من تحت ل تحت
0,انخرس
0, اخر واحد يادلوخ ياحمير تمثيل
0,"﻿الاردن لا تمتلك اي الخبرات الفنيه في انشاء او صيانة او تشغيل المفاعلات النوويه ! لاردن ليس لديها سوى شهادات دكتوراة في هذا المجال نظرية بحته ! ان انشاء مفاعل نووي يعنى مقامرة كامله بمئات الملاييين و المضحك في الموضوع ان بداية المشروع ستكون انشاء مفاعل تجريبي او تعليمي يتبع لهيئة الطاقة النوويه ! اليس الاجدر بهكذا مفاعل ان يتبع لاحدى الجامعات ؟ علاوة على ان كل هيئة الطاقة تم انشأها ""رضوة"" لفلان وعلنتان ! الاولي يا سادة ان يتم طرح انشاء شركة للتنقيب عن اليورانيوم وبيعه و لتصبح الاردن دولة مصدرة لهذه المادة . امر اخر كثر الحديث مؤخرا عن انه يوجد في الاردن بترول و بكميات على الاقل تكفي استهلكنا المحلي !!"
0, الغباء واضح
1,اللهم انى استغفرك واتوب اليك
0, اسفل من بعضهم
1,﻿اللهم ثبت قلوبنا على الايمان
1,هستوكم 
0,يخسو الشيعه الخنزير
1,الله يبارك فيك جمــــــــــــــــــيله
0, ما بتحبو حد 
1,اللهم تب علينا انك التواب الرحيم
1, بالفعل لازم كل واحد بيتكلم عن الدين اقل مافيها يلتزم باقل مبادئه عشان يكون قدوة مش ييخلي الناس تقول هو ده الدين
0,يلعن شرفك شو واثقة من حالك 
0, كانت تسوي مقلب انها محترمة بعدين اعترفت انها ................. 
0,"فهم ادرى واخبر لا وبل اكثر انكارا"" للشيعة  وامثالهم"
1,احلى اشي في الحياة الاستقرار مع زوج صالح
1,﻿اللهم ما اصبح بي من نعمة أو بأحد من خلقك فمنك وحدك لا شريك فلك الحمد و لك الشكر
1,مطلوب نصيحه منك لكي نستحضر الخشوع
0, والله ما في اشي مزعلني الا انه اسمه محمد
0,﻿التقدم والازدهار يكون مرتبط بقواعد الأمن قبل الشروع في بناء المفاعل عليكم قراءة التقارير الصادرة عن هيئة الطاقة و المخاطر التي سيجنيها الأردن جراء انشاء المفاعل يا عزيزي ديمونه انتهى عمره و سيكون المفاعل الاردني بديل في أرض ستكون مكباً للنفايات النوويةة المطلع الله
1,يااااااااااا الله ما احلاه من خبر والله فرحتوني
0, سوبر سطار ولا بلاش
1,الارواح جنود مجنده من تعارف منها أأتلف ومن تنافر منها اختلف
0,واحد واطي 
1,احيانا الوحده تزيل بعضا من ألهموم ..
0,ولكن كيف ان المفاعل النووي غير مضر بالبيئة فهمني ؟؟
1,رائع ولاجمل ♥حب ربنا
0,﻿انا اردني و بقول الشعب بيستاهل غلا اكثر من هيك
1,تركنا كل شئ من اجل رضا الله اللهم ارضى عنا
0,"﻿بس تكون من سكان اربد و تكون قريب على المفاعل النووي في جامعه التكنولوجيا و بتشرب من مياه اربد التي تبعد اقل من 100 متر في باطن الارض "" حوض اليرموك ""عن مركز المفاعل بتقدر تعترض .... وين بدك تصرف المياه التي تخرج من المفاعل ... "" لا تقولوا مفاعل التكنولوجيا تدريبي بس اسمه مفاعل و بتخرج منه مخلفات نوويه "" الدول الاوروبيه بدات الاستغناء عن المفاعلات النوويه ..... عندك مياه بالاردن من اجل تشغيل المفاعل ..... قبل الحكم على الاشخاص الذين يقومون ضد هذا المشروع اسالوا الجولوجيين و اثرها على المياه الجوفية ..... بتحداك اذا بتسال خالد طوقان عن الاثار الجانبيه من الفاعل النووي و جاوبكوا .... كلامي هذا من دكاترة جامعات مختصين في الجولوجيا و اثره على المياه الجوفيه"
0,والله نوفي صح لسانك
1,للهم أملأ قلبي بحبك وحب نبيك وحب كل عمل يقربني إلي حبك
1,باذن الله بديت ولو مؤخرا بنفسى الحمد لله
0, ولا جورج في الزمنات بس حرام يفضحوهم
0, اشي بقهر مش لا هل درجه
0,نا بدي نموذج لسبونج بوب ههههههههههههههههه
1,ونعم الصديق
1,يا سلام على الوفاء اللي اتفقد في عصرنا ويا حسرتاه على الحب الذي بات مجرد كلمات
1,﻿صباحك مبروك و عدوك مهلوك
0,عيب والله اسم المقطع
1,عشان هيك قال النبي صلى الله عليه وسلم إن الكذب يهدي إلى الفجور...والفجور يهدي إلى النار
0,Noاكيد بقرف 
1,يا رب قدرنى
1,﻿اللهم اصلحنا و طهر قلوبنا من النفاق
0, اجل الاخير واضح انو بيمثل وتمثيلو خايس هو والخايسين ذولا
1,الامل بالله كبيييييير انشالله
0, عاهات 
0, احس بمرض لاشفت هالبرنامج
1,حياك اللة
0,﻿يااخوان احنا مع التطور بس منين نجيب سبعة عشر مليار دولار تكلفة المشروع . لنبدا اولا بااستغلال الرياح و الطاقه الشمسيه و الصخر الزيتي و نبد بتخفيف الفاتوره النفطيه .و المثل بقول خذ من طين بلادك و حط علئ خدادك.
0,ههههههههههههههه ما بقدروا
1,ان الله لا يضيع أجر المحسنين
0, بالله يا شباب وش رايكم بالاشكال هذه هل تتوقعون اهلهم كارهينهم والناس تجي لاهاليهم وتقول لهم حرام عليكم هذول من دمكم 
0,﻿ يلعن اوم السخاافه
1,﻿اللهم أغفر لى و لأمة المسلمين أجمعين
0, وانا مع انو الطاقة الشمسية هي البديل!
1,﻿جمال الصفحة من جمالكم و رقي اخلاقكم أنا متأكد ان صفحتنا ستعجبك فأنضم الينا و ادعو اصدقائك فنحن نسعد بك و بهم
1,الله عليك بجد رنا يهدينا كلنا ويهدي شباب المسلمين جميعا يارب العالمين
0,﻿ نسيانك صعب اكيد 
1,﻿صباحك ورد و ياسمين معطرين بنسمات من الجنة يا شيخنا الجليل حفظك الله من كل سوء ، نحبك في الله
1,﻿اللهم قني عذاب النار و ادخلني جناتك
1,خت قرار كتير وبرجع تاني بحاول اتغير ومش عرفة
0,﻿ اوووي شكد قااسي 
1,ربنا يصلح حالنا
0,"للأسف البعض يعتقد ان المفاعل النووي سيحل مشاكلنا الاقتصادية ولكن الأردن لا يمتلك موارد مالية وهذا يعني الحاجة لشريك أجنبي ""كما اعلنت هيئة الطاقة"" يملك غالبية الأسهم كما في تركيا على سبيل المثال وذلك يعني ان هذا الشريك سيمتلك الجزء الأكبر من المفاعل ولن يكون ملك للأردن وبالتالي ستقوم الحكومة ايضاً بدفع تكاليف الكهرباء للمستثمر وبالتالي المفاعل النووي لن يوفر لك الكهرباء بسعر قليل"
1,﻿صح لسانك
0, ما اسخفك
0,﻿العاهات اللي عندهم ... ياناس روووح موتو ابرك لكم
0, ليش هيك معجبين على الاردني
1,التفائل حلو في الحياة بس الاهم تكون عايش مع ناس متفائلين مش تكون لحالك المتفائل
0,لا للمفاعل داخل الأردن
1,الله اكبر ما احلاكم وما اشجعكم
1,﻿اتحزن : فإن الله يدافع عنك ، والملائكة تستغفر لك ، و المؤمنون يشركونك في دعائهم كل صلاة ،و النبي صلى الله عليه و سلم يشفع ، و القرآن يعدك وعدا حسنا ،و فوق هذا رحمة أرحم الراحمين
0,﻿اللي موافق عالمفاعل يبنيه جنب داره ... ما يسطح الواحد غير المتحذلقين اللي يخلوا حالهم مثل ابو العريف ما حد يفهم غيرهم .... رابع افقر دوله في العالم في المياه و تبنى مفاعل نووي !!! استنوا لما يطورو مفاعلات نووية صحراوية و بعدين اشطحوا
1,يا رب إجعلنا من الصالحين
1,بارك الله فيك يانوسة وجعلها فى ميزان حسناتك
1,اسأل الله عزوجل له الثبات
1,﻿فعلا البت جده لما تحتاج ليه هو الانسان الصادق و هو البستاهل تضحي عشان
1,بدعى على طول بأن الله يرزقنى الخشوع 
0,للبرنامج التافه الي يسمح لهذا الشي
1,اللهم اكفني بحلالك عن حرامك واغنني بفضلك عمن سواك 
0, والغناء تجد لك ١٠٠ مليون وكلهم زبالة
0, بس الحكام ماعندهم ذوق للأسف
0,﻿للهم خذهم اخد عزيز مقتدر فانهم لا يرحموا الضعفاء اللهم سلط عليهم عذابك فانهم ارونا الويلات 
1,اللهم اهدنا صراطك المستقيم
0,يع يع يع الله يقرفه وهذي يللي﻿ تقول حمضيات وش دراه عمره ذايقه طعمه
0, تفه عليك وع شكلك ، أول ما نشهرت طلقت زوجها ، خنزيرة 
1,﻿انا كل يوم أقول غدا سوف اصلي لكن لا اقدر و انا أدعوا الله دائما ان يهديني .أرجو من من يملك حل مراسلتي.
0, فعلا فضايح ما توقعتها في شبابنا المتخلف اخلاقياً وصوتياً وبدنياً اها وعقلياً بالتأكيد
1,روعة الاشياء تبقى روائحها بقى اصحابها ام انصرفوا
1,كل شئ في حب الله تهون وحب ربنا أقوى بكتير من أى حاجه
1,﻿الله اكبر و ما من دابتن الا على الله رزقه
1,﻿اللهم اغفر لي ما لا يعلمون و اجعلني خيرا مما يظنون
1,لا طبعا التقرب الى الله هو خير علاج للحالات النفسية
0, فاشل....فاشله....برنامج فاشل
1,ونعم.بالله أرحم الراحمين وأنيس المستوحشين
0,﻿ تقول داخله فيها ترله انحولت مع الاغنيه 
0,﻿لا هديله بالشوز زى الصعيدى الى يكرمه الى ضربه بالشبشب ناقصة حرامية
1,نسأل الله تعالى أن تكون بحق أرحنا بها يا بلال و ليس أرحنا منه
1,الله ياريت يبقى فى اخلاق كدة فى الوقت دة
0,﻿ عاهات
0,"للأسف البعض يعتقد ان المفاعل النووي سيحل مشاكلنا الاقتصادية ولكن الأردن لا يمتلك موارد مالية وهذا يعني الحاجة لشريك أجنبي ""كما اعلنت هيئة الطاقة"" يملك غالبية الأسهم كما في تركيا على سبيل المثال وذلك يعني ان هذا الشريك سيمتلك الجزء الأكبر من المفاعل ولن يكون ملك للأردن وبالتالي ستقوم الحكومة ايضاً بدفع تكاليف الكهرباء للمستثمر وبالتالي المفاعل النووي لن يوفر لك الكهرباء بسعر قليل"
1,اللهم كما حسنت خَلقنا حَسن أَخلاقِنا 
0,﻿و إذا فادنا بشي رح يكون في خسارة كبيرة بالاخر
0,﻿احنا ما بدنا اياه لانا ما منفهم المفاعل النووي فوق طاقتنا صعب علينا و بكرة بذكركم و سألوا الباص السريع الثقة معدومة ... القمح فاسد المصفاه مش حسب المواصفات الخضار و الفواكه مواد كيماوية شوارع مش مصانة حفر و مطبات ....الخ الافضل استغلال الطاقة الشمسية او الريح او الماء .. ليس هروب من التطور و انما الابتعاد عن الفشل الأكيد عبر التجارب .
0, الظاهر أنه 90% جايين يستهبلون عالحكام بس!!
0, هما بس الى بيسعوا للغناء ده طبعا غير الاشتغالات والافلام الهندى الى احنا شفنها
0,﻿ من الي ضاحك عليهم انو اصواتهم حلوة
0,﻿عمدا فيهم ما نستعمل التدفئة و نلبس فروه
1,الله غلى المسلمين فى توادهم وتراحمهم
0,﻿ و بعرف حكايات مليانه عاهات مثلكم و مجانين يا صيدااات (جورج وسوف) 
0,من اين لنا المياه لتبريد المفاعل النووي فهو يحتاج الى نصف مليون مترا مكعبا من المياه لتبريده سنويا على الاقل والقاصي والداني يعرف اننا في بلد يعاني من شحة المياه اما كعلوم ومعرفة بالعلوم النووية والطاقة فانا احب ان يتعلمها المتعلمين في بلادنا بدءا من جدول مندلييف للعناصر مرورا ب العناصر المشعة ونظرية اينشتاين للطاقة ونظريات الفيزياء الكمية والبحث في عمر البروتون والنيوترينو والكواركات واللبتونات والuncertainty principle والنظائر المشعة وتفتيت الذرة واشعة جاما وبيتا والفا والراديوم والبلوتونيوم والبروتونات وكافة النظريات بما فيها انواع المفاعلات النووية وتجارب الامم فيها مثل اليابان والمانيا وروسيا وفرنسا وامريكا وللعلم فقط انها علوم نظريا سهلة وبسيطة ويستطيع فهمها حتى الانسان ذو الخلفية والرغبة العلمية وعلى جميع او على الاقل جزء من علمائنا ان يقرروا المسار الذي يجب ان نسلكه ونسير فيه بهذا الخصوص بموازنة المخاطر والمكاسب وبعدها وعلى اساس النتيجة والفائدة الواضحة يتم الاعتماد لقرارهم ان كان سلبا ام ايجابا
1, معك حق
0,مش حلو
0,﻿ما اثقل دمك و ما اغباك
1,كرامتي افضل من سعادتي
1,الاسلام ليس فيه رهبانيه
0, ليش يعني اخترت انه مصيره في فتح يا تافه وفي المؤتمر السادس كمان يا ابن الكلب
1, معلومه ممتازه
0,الدول المتقدمة الان تتجه لستخدام الطاقة المتجدده لانها اقل كلفة وليس لها مخاطر على البيئة والانسان ونحن الان نعاني من ضائقة مالية كبيرة وشحة مياه شديدة وكلنا يعلم مدى حاجة المفاعل للمياه اذكركم فقط بما حدث في اليابان وهي الدولة الاكثر تطور في مجال التكنولوجيا وهي عبارة عن جزر وكذلك كم أثر علينا المفاعل النووي الاسرائيلي وحالات السرطان المنتشرة ولو لاحظنا التشوهات الخلقية الاكثر في جنوب البلاد
1,ربنا يتوب علينا من المعاصى
1,ونعم بالله عزوجل
1,﻿احلى شىء النهاية الباقية صح كلامك
1,نعم الوقت يمر بسرعة
0, لا والله ماهم اللي مسخرة انا اللي مسخرة اللي تفرجت عليهم 
0,﻿ اي والله سوبر
0, وش يحسووون فيه ناس مهبل
0,اللهم ارفع ظغط فايز الطراونه
0, العرب مو بتاع هي الشغلات لاكن احنا فاشلين الله معطينا كل متطلبات التحظر والتطور لاكن احنا لازقين بهلتفاهات ونضن انو هي التحظر 
0, سخافات وتخلف شباب وصبايا هل الأيام !!!
0,عنجد انو بالة
0, الله يلعن امك وش ها القرف
1,ما الزه شكله بشهي بدييييي
1,﻿اللهم لا اعتراض على حكمك و ارزقنا انت خير الرازقين
1,﻿نسمات انتعاش الفجر رحمات يظفر بها اهل النور التام الذين توسعت صدورهم بانشراح جماعة الفجر و حيوية صبح يتنفس منتشيا و مرحبا بكل مبادر للخير
0, الباقيين سخااافه سمااااجه
0,﻿لو يبطلو سرقه بهالخزينه و الله الشعب ليعيش و لكو ارحمونا حرام عليكم
1,احمدك ربى على كل ما اعطيت وعلى كل ما منعت
0,اجل اسقاط حكومة طروانة
0,﻿ طول عمري بخاف من العوب وسيرة العوب 
0,﻿و الله انكو ما بتخافو الله
1,الله يكثر الافراح
0,﻿ وش هالتحف والله مساكين ماكلين مقلب بقوه 
1,الحمد لله على نعمة الاسلام وكفى يها نعمة
0,المرة الجاية راح يكون الرفع للميه اذا استمر الخلط
1,﻿صباح الرحمة و البركات إن شاء الله 
1,قصة رائعه ياريت كل الرجال هيك
0, مالك دين مثل الكلاب الضالة و الا اقولك مثل مومسات و عاهرات المراقص عندكن
1,صباح الاماني الجميلة المحققة باذن الله
0,تنظرون لا الشام يقتلون بدم بارد .
0, والله انك فشلت العرب
0,﻿ الظاهر اهلها مفقعين وجهها قبل ما تجي ومغطيه الفلعات 
0, سمآإجةة تآإيمم
1,كل الاحترام
0, اشاعه
1,فوق من اللي انت فيه ربك دايما جمبك لو ناديتو هتلاقيه ..جايز ده اختبار ركز فالاجابه وقول يارب وخد قرار  
0,ما ازنخ منك إلى هاي الروابط اللي بتسم البدن.... بتتعب يعني لما توخد الصورة وتنزلها تنزيل عادي
0, سخافه
0, سبحان الله الزلمات ثافهوووون
0, يا ثقل دمه الاصلع
0,﻿قرف
0, شباب صايع مو ملاقي ياكل و مخه فاضي و متخلف عقليا 
1,ماخاب من دعا إلى الله
0,طيب ليه السخريه دى ماكنا كويسين
0,﻿قرف يقرفك
1,قمة البلاغة
1,عظيم هو إسلامنا، 
0, حرااااام والله حزنت عليه شو هالموقف الشنع
0, ملعوب عليهم
1,دربي زدني ثقتا بك فانه لايخيب من وثق بك
0,شو هالمنشور الوسخ 
1,اللهم اصلح لنا حالنا
1,كﻻمك كله رائع بجد ربنا يكرمك
1,ايوه هيك بدنا ياكم يا شباب مش بس لعب وتسلاية
0,هبل
1,﻿أللهم ارضنا بما قسمته لنا
0, مين معو دوا للصراصير جد لازمهم رش مبيد حشري للقضاء على هيك حالات متخلفة 
0,الله لا يشبعكو يا ظلمة انشاء الله كلو بتلقو بالاخرة يا ظلمة ..... خافو الله طبعا اذا بتعرفو ل الله.
0, ما يستحون و هم جايين لو انا منهم اروح اقشر بصل 
0, حسبي الله عليكم ..الله بحاسبكم على كل حد بينفتن بسلبكم ..الله لا يسامحكم
1,﻿اللهم اصلح سرى و علانيتى 
1,تماما .اللهم لا تحرمنا الصدق في الكلام
1,ربنا يحمى الاسلام والمسلمين
0, شو هل الاهبل
1,﻿حلوه قوي يا د.عمرو و لو كل واحد تيقن من هذه القصه لن يوجد حاسد و لا ظالم و لا متواكل اللهم ارزقنا رزقا حلال طيبا اللهم آمين
0,﻿و الله و الله و الله يا نسور رح ننزل الشارع... وقف الموضوع قبل فوات الاوان
0,يع بتقرف انت وسخ
0,ايوه بالصرمة عراسه
0,﻿فعلا الطاقة الشمسية هي البديل و ليست النووية لان حتى الدول المتقدمة صارت تتخلص من النووي و تتجة للطاقة البديلة و خصوصا احنا الاردن بلد مشمس عالطول السنة و الكلفة ما اتوقع اكثر من الطاقة النووية
0, مين بشار العاهة هاد الي بهدد، اي عند الجد والله للنساء والبنات تتطلعن قبل الرجال في هالحالة ونلعن ابو الساعة اللي طلعت بشار وغيره شو هالحكي، الاردن قوي بجيشة وقائده فعلاا هززلت قال سوريا قال ولا النعامة او رقبة عالية بدهها قص
0,﻿ متسمم فكره الولد وصارت حالته صعبه ياحنين انت
0, يخرب بيتك ما أزنخك
0,"ملاحظه : الكبسه ما بتكهرب والله"""
0, وربي عآإهات مستعصيه
1,اللهم اصلح نفوسنا لما يرضيك عنها
1,﻿اللهم اجعل لنا ايمانا صادقا و قلبا خاشعا و علما نافعا
0,كلامك في غاية الجديه صحيح
1,اللهم احفظني
1,والله الرساله دي جاتلي في وقتها قولت اكيد ربنا بعتهالي  الحمد لله وخات القرار 
1,اللهم نسألك السلامة من مثل هذه الخيبة
1,قول يا الله ده عنك مش بعيد متشلش هم ولا تشعر بضيق اقول يالله اهديني ياقلبي عشان اتوب امحي الذنوب واهديلي الطريق
1,﻿ما ارحمك يا ربى بخلقك سبحانك يا حبيبى يا الله
0, تاااااافهين
1,﻿فعلا في البداية كلهم رائعون
1, الحل الوحيد هو القرب من الله وذكره  (الا بذكر الله تطمئن القلوب )قال الله تعالى
1,﻿اللهم إنا نعوذ بك من غضبك و نسأللك رضاك
0, شو هيدا دلع اخر زمن
0, الرابع سكران
0, المغرب براء منك على الأقل إذا كنت لهجتنا صعبة فتكلم باللغة العربية
0, اما الغبي اللي يقلد جورج وسوف
1,يارب اهدنا وقوى عزيمتا الى ما تحب وترضى
0, محششين خخخخ
1,﻿اللهم حسننا و حسن اعمالنا ظاهرا و باطنا و لا تجعلنا نعمل الا ما يرضيك عنا برحمتك يا ارحم الراحمين
0,فاشله
1,حلمي أن أكون مثل سوشي
1,طيب الله انفاسك وياسلام لو الشباب او الشابات اذا احبو يحبون كجب شاه جاهان وممتاز محل
1,﻿صباح مملوء بالخير لجميع المسلمين يا رب
0,الك يوم يا ظالم
1,اللهم لا تجعل لحب الدنيا سلطانا على قلبي بل اجعل حبك في قلبي سلطانا
0, سوبر حمار
1,ازعج شي الكذب
0,﻿لنفترض جدلا ان لا اضرار صحية و بيئية سينتج عن بناء مفاعلات نووية سلمية ، دعونا نفكر في الكلفة من حيث اولا: كلفة بناء عالية جدا لعدم امتلاكنا لهذه التكنولوجيا على شكل ديون تثفل كاهل العشر اجيال القادمة، ثانيا: لنفس السبب سنستورد خبراء للتشغيل لسنوات طويلة مما يزيد كلفة الطاقة و ليس العكس ناهيك عن حصول اي اخطاء مفترضة مستقبلا ثالثا: اين هو المكان البعيد عن المدن في الاردن واين مصدر المياه الكافية للتبريد رابعا:من حق المواطنين و اصحاب القرار الحصول على تقرير منشور للاثر البيئي مسبقا. بنفس الوقت نستطيع الحصول على نفس كمية الطاقة من الصخر الزيتي الذي نمتلك منه احتياطي هائل و من الغاز الطبيعي المؤمل مستقبلا و من الطاقة الشمسية و من طاقة الرياح بكلف نسبيا اقل بكثير من النووي دون اعباء ديون اضافية.
1,صباح النور و السرور 
1,﻿ بوركت جهودك و سلمت اناملك
0,ما أجمل من مثل هذا الحُب الصادق الشفا
1, اي صح و حاليا فاقده الاثنين
1,كن انت ذلك الشخص   
1,﻿دعواتك لنا يا شيخ سلمان بالتوفيق و الفلاح و الظفر و حسن الخاتمة 
0,اكيد لا في عندك ناس بتفهم ووفي ناس عند الاجانب ما بتفهم
0, الثاني رايح فيها
1,اهم اشي اكون مبسوط
1,يا رب اعني ع إتخاذ القرار
1,صدقت يا أستاذ عمر
0, يعني عدولة اللي ابصر من وين جاي كيف وصل عشان تشوفة لجنة التحكيم مبين عليه مجنون و مش شايف اشي قدامة
0,ذبحتونا
0,ويحطمو رؤوسهم بارجلهم
1,وسط لا يوجد تركيز
0, عاهاتك يا وطن
1,صباح العسل 
0, دلوع
0, ناس مطفرة من الآخر 
1,﻿الشكر لله اولا ثم  ل د.عمر خالد . كان سبب ف أرتد الحجاب
0,مش طبيعي
0,الكلب حده﻿ روعه
0,﻿ مهزلة ياعيب الشووم
0, يا خسارة عليكو يا شباب المستقبل 
0, وهابي تاج راسك يا اللي تاكل من وراك و اذا في الوهابية شئ مخالف لكتاب الله و سنة نبيه اذكره و لا تكون كالببغاء تردد خلف الناعقين لتثبت انك على الصراط و انت في هوة الخراب و طنت من طنوت سوريا
1,دعوة اخاك بظهر الغيب لا ترد
0,انتو كلاب ازى تسو المصحف بى كلابه زى ده
1,﻿يا رب يتقبل منا و الله العقل مو فاضي و القلب مكسور
0, اخييه مااسخفها تقلللد 
1,﻿نهارك طيب و مبروك
1,فدمك عود مع عنبر
1,﻿ان شاء الله يتقبل الله صلاتنا و يزيد في صلاتنا الخشوع
0, ما عندهم هو قلة احترام للمشتركين وفلة ادب تجاه المشاهدين 
1,الله يكتر من امثالك يارب
0,﻿ تضحك كانها مفجوعه من شيئ
0, مقرف جداً هذا الشخص !!
0, زماان المطربيين اللى غنو لهم المعاتيه دول ولعو فى مقابرهم وبيعيطو بدل الدموع دم على تراثهم اللى راح 
1,مقال رائع والله يهدي بناتنا ياااارب ويرجعهم للصواب 
1,اللهم القلوب الضاله
0, أما وهابيتك فحدث ولا حرج الناس يقادون إلى المساجد غصباً ويجلدون كالأبقار إن هم أبوا
1,طبعا واقع
0,الله يلعنو
0,﻿اللي لازم يصير اضراب جميع موظفي الدوائر الحكوميه و الخاصه لمدة اسبوع و شوف بعدها
0, يلعن ابو الاشكال بس !!
0,﻿مهو اصلأ زي مشروع الباص السريع يلي استملكو عشانه شارع المحطة كاملا و لساتنة منسمع عنو ما شفنا
1,نفسي يوم اكل وانا مش مستعجلة
0,ههههههههههههههههههههه مهيه خربانه ان شاء الله يعملو مفاعل قرد بطلت تفرق
0,لا شو انا مسخرة كلكووو خنازير
0,الله ينتقم منهم اجمعين اللي في بالي
0,يلي مكتوب على الجبين بتشوفوا العين ( يعني اذا ناوين على النووي ما راح يفيد المليون توقيع مو الف توقيع مع الاحترام الشديد)
1,اللهم إن كان لي عوض على صبري
0, ليش محشورين على بعض كذا ؟ خلصت الطاولات مالقو إلا هـ الطاوله الخايسه 
0, استاذ غاوي غاوي اذا كنت غاوي المسخره روح اشتغل كراكوز
0,﻿ذا مرتك بتعمل هيك يا ادمن لا تفكر كل الرجال مثلك تفي عليك
1,طبعا محدش يقدر بس سبحان الله فيه ناس عايشين من غير مياه
0,﻿انا مش مسؤول عن الحرامية يتفنجرو بمصاري البلد و انا اشحد
1,نستجير بالله
0, ولو هو انسان وعنده احاسيس ممكن من هالموقف اللي الكل يشوفه يتعقد هالإنسان من حياته كلها
0,لهالدرجه في متخلفين في الوطن العربي؟؟؟؟؟؟
1,أخرج أهل سوريا من الضيق إلى الفرج
1,ونشوف اغلى الاحبة في الروضة الرحيبة
0, بس اللي قاهرني اللي ما ينطقون حرف الراء(التغ)من جدهم جايين يبون يغنون
1,تبارك الرحمن اللهم زد فينا وبارك لنا ياارحم الرحمين
0,والله ذا الادمي معاق
0,﻿حسبنا الله و نعم الوكيل فيكم و في مجلس النواب الحالي و الذي لا يمثل الشعب الاردني فهم غير سأئلين عن الشعب يبحثون عن مناصب وزاريه و رواتب خياليه بينما المواطن الاردني طفح الكيل معه و اصبح لا يطيق الحياه 
1,صدقت والله انت تريد وانا اريد والله يفعل ما يريد
1,شكرا دكتور فكلماتك لها بالغ الأثر في نفوسنا
0,نعم! مصر عايزه راجل مش واحد وسخ بيقرف
0,خراي على احسن علوي ومحب لهاجحش !! خربت سورية ياكلب
0,وش يحسون فيه﻿ يع
1,الهم سدد خطاه وجعل الاسلام نور لكل البشر
1,﻿بسمه امل امس كانت محتاجه توضيح اكتر لان بعض الناس خلطت بينها و بين الواسطه 
0,﻿ يا اخي وين ما تروح بالاردن تخطى مناطق الشخصيات المهمة بالبلد و الباقي كله مكرهة صحية
1,ياي ما ازكاه هاد الاكل
1,اللهم أنزع من قلبى حب كل شىء لا تحبه
0,انا مع الاخ محمد سلامة بهالموضوع 
0, الثالث لاتعليق
0, اللهم اجعلني دائما مظلوم
1,﻿كلمات رائعه و حلوه و لا احلى ان يكونو في النهايه رائعون
1,ان الله هو الرزاق دو القوة المتين
0, البرنامج الي بعد سوبر ستار الي يقلده دم ثقيل
1,﻿اي و الله صحيح أهم شي الانسان كرامته
1,﻿انشاء الله نكون راضين بقضاء الله و لكننا نرجو من الله اللطف فيه
1,﻿و رزقك خير هذا اليوم
1,يارب اعنا علي ترك المعاصي ماحيينا
1,كلامك جميل ورائع
0, اكاديمي اللي خلفت عاهات للفن المعاق حاليا فيزيدون الطين بله
0, تبا لكم 
0,﻿الله يكون في عون الفقير و الطبقه المتوسط سوف تنحدر اكثر و اكثر
1,يا هيك الاكل يا بلا لش الحكي
1,﻿كثر الله من أمثالك و زادك الله علم
1,يا مقلب القلوب والابصار ثبت قلبى على دينك
1,من كانت له عزيمة لن ييأس ، ومن ابتغى الأجر من الله ثابر، حياكم الله اخي مؤمن
1,اتمنى ان يواسينا العرب بمصابنا 
1,برك الله فيك وجعلاهاء في مزان حسناتيك
0,اغبياء
1,اللهم اعنا على ذكرك وشكرك وحسن عبادتك
1,ﺻﻠـﻲ ﻋﻠﺸـﺎﻥ ﻏﻴﺮﻙ ﻧﻔﺴـﻪ ﻳﻘـﻮﻡ ﻣﻦ ﻗﺒﺮﻩ ﻳﺼﻠـﻲ  
1,﻿لك كلك ذوق و حكمه
0,"هلأ كففت عن قسوتك.."""
1,صباحك جمال و روعه 
0,﻿و الله حرام و الله موتوه لشعب الاردني من وين بدنا نجيب الكو من وين يا الله ارحمو من في الارض يرحمكم من في السماء و الله حرام
0, سخيف مره يمسخرون الواحد ومافي شي يضحك اصلا
1,فما اجمل هذا الدين
0,﻿ مجانين أحد يضحك عليك وأنتم قدامه وتكمل 
1,يا رب ارزقنا الفرح والسعادة 
1,كلمات حلو
0,لله يحرق قلبك يبشار
1,أفعال لا تحتاج إلى أقوال
0, لا يعني ..الغبي يدري انه كاتب اسمها بالورقه..مايبيلها ذكاء ترى
1,صدقت
1,ربنا يقويكى على اخد القرار الصح واحسنى الظن بالله وتوكلى عليه وربنا يقويكى على ضعفك ياااااااااارب ويعدك عن الغلط ده
0, فاشلين الى ما لا نهاية
1,يا هيك الشباب يا بلاش
1,رائعين يا مصريين
1,أن الله موجود
0,﻿الطاقة الشمسية هي البديل و ليست النووية
0,لما اجد فيها الا الجراح
0,﻿وانا 100% بس شكلها هاي مو مدرسة 
0, يا اخي اطلع في صورتك بالمراية وشوف ادائك هوة اداء فني+صوت مناسب قبل لا تفضح حالك في هيك برامج تافهة
0, هنا نجد اصحاب السوء يحضرون بقوة لان ها هولاء لم يحظروالى بعد تشجيع من اناس حولهم
1,أهلا بك في دين الحق والسلام
1,ما سال لله الهادي الخالق
0, قصدك اخر ما توصل اليه العقل البشري من تفاهات
1,هكذا المسلمون
1,الحمد لله اصبح على وجهك المشرق كل يوم
0, لجنه حكم ماعندها ذره احترام 
0, شكلك احول ... موب حوله ..
1,﻿و طمّأنينَه صباح ٱلآملَ بًٱللِه و ٱلثِقةً
1,صباح الوجه الصبوح 
1,ربنا يشفيهم
0, حرام عليك كانو بقرة بتولد
1,الله يتمم افراح الجميع يا رب
0, تأثير الغرب مبين على العرب المجانين
0, هي فلسطين راحت من قليل يا ولاد المخنثة لعنة الله عليكم فظحتونا..
1,﻿اللهم ارزقنا من خيري الدنيا و الآخرة و ارزقنا حسن الخاتمة و ارزقنا الفردوس الأعلى مع من نحب و ارزقنا لذة النظر إلى وجهك الكريم
1,اسل الله ان يستجيب دعائكم
0, صوتها عجييييييب
1,﻿الاخلاص اللهم انا نسالك الاخلاص فى القول و العمل و السر و العلن
1,﻿اللهم انصر المسلمين و المسلمات في كل مكان
1,الثقة باللة ثم النفس ويارب اجعلنا من يغير الناس الي ما ترضية
0,﻿ وانت اسكت لا تتحطم 
1,﻿سبحانك ربنا الواحد الأحد لا شريك لك تحيي و تميت و أنت على كل شيء قدير و صلى الله و سلم على نبينا محمد و على آله و صحبه أجمعين.
0, واضح جدا إن أغلب الناس هاي عندها مشاكل نفسيه
1,صحيح الابتسامه لها تعابير كثيره
1,قصة جميلة تعلم الناس كمان الامانة لان اذا اخذ القليل اخذا الكثير
1,﻿ما أجمل الصبر و الإصرار
0, مايستحون
0,﻿ مين اللي ضآإحك عليهم وقآإيل إن أصوآإتهم حلوة 
0,﻿ عاهات اللهم لاشماته
1,﻿الله يسعدك و يبعد عنك كل شر
0, ثكلتك امك
0, على فكره المعلقين هدول ولاد حرام
1,فعلا الله يجزيك كل الخير دكتور والله يثبتنا على ديننا
0, ابو الشباب راعي العود ليش ماوزنه في البيت غباء
1,إن الدين عند الله الإسلام .. هذا هو الدين الذي يجب أن يعتنقه كل إنسان علي وجه الأرض وليس العرب فقط .. اللهم أهدي غير المسلمين إلي دين الإسلام 
1,يأتيك بالأرزاق من حيث لا تدري 
1,﻿يا رب رضينا و امنا و صدقنا ... فارضينا برضاك عنا .. و اجبر كسر قلوبنا و هون علينا 
1,اللهم ارزقنا الصحبه الصالحة
0,﻿دلوعه جدا مايا﻿
0, معتيه واضح انهم يمثلون
0, بسعد ربك وصباحك عسل انت وكل من قال انا اردني وبحب القياده الهاشميه وتراب الاردن وسنح الاخوان ولاد كلب على هالصبح
1,﻿اللهم ثبتنا على قيام الليل في رمضان
0,حبيبي شرلبوني يموت ب شرلبونا و انا مدريدي﻿ لكن ماني مغير لعيونه
0,﻿ يا فضيحتك يا لبنان بهيك عالم اما هيدا سكت اني ولك دخيل الله خليك ساكت
0,انت واحد  عنجد قليل ادب الله يموت الي امثالك
1,يارب ناخذ القرار الصح
1,اللهم اروقنى من يواسينى فى الدنيا والاخر
0, وربي كلبتي جات جلست عندي أول ما فتحت هالفيديو ويوم خلص التفت لها إلا وألاقيها نايمة 
1,ياريت حدا عم يواسي السوريين بغربتهن للاسف باب رزق جديد للعرب
0,﻿اكيد حياتي ما في حدا بشبهك لو في كان نتحرت زمان 
1,اللهم اجعلنا منهم وارزقنا الطاقه ولاراده لزللك ياربى
0, هذا عدا عن عنصريتكم البغيضة وجلافتكم وعنجهيتكم الفارغة مع بقية الشعوب. 
0, حركة ارحمينا الله يشيلك اقول كيف اخوكي وابوكي راضيين عنك اف عندك ايزي
0,﻿منكو لله احنا لاقيين حق الخبز لحتى ترفعو البنزين صار الواحد يحب يخلص دراسه عشان ما يضل بلاردن لانو ما فيها اشي لا رواتب و لا اشي جد بلد مش فقير بس كلو بوكل كلو و الله ما بنلوم الحراميه ع هيك بلد
1,طريق واحد عدم اليئس هو طريق النجاح
1,يارب كون معاي .وإنو من ترك شيئآ لله عوضه الله خيرآ منها في الدنيا قبل الآخره جربو وحتشوفوا بعينكم إللي حيحصل
1,الدين المعاملة
1,﻿سبحان الله و بحمده عدد خلقه و رضى نفسه و زنة عرشه و مداد كلماته
1,بجد موضوع رائع وانا اجد انه مناسب ايضا لهذا الوقت يارب احفظنا من جميع الفتن 
1,امين يا رب انت شاب زي الفل ما شاء الله عليك
1,﻿مثال جميل جدا . عبرة لكل من يحمل رسالة الاسلام
0,الله يوخذكم
1,تركنا الحرام من اجل ربنا حبيبنا ووالله سيعوضنا خيرا 
1,هاكدا هو دين المحبه الصحيح .. بس للاسف الكثيرين يتبنوه حسب ما يشتهون 
1,ربي يهديهن
0,﻿ حلوه عدوله احس انه يفطر حشيش 
1,صباح الود
0, فيروسات بشرية
1,ان شاء الله وربنا يعيننا
0,﻿سدئناك يا كذاب
0,والمصحف عاهاااااات
1,﻿ليتنا نستطيع الابتسامه في الاوقات المؤلمه
1,قصة فى منتهى الروعة
1,يااااارب إغفر لي ذنبي وأرزقني حبك .هوربنا ممكن يكره حد لو فضل يكرر ذنبه بعد الإستغفار
1,﻿تفائلوا بالخير تجدوه و اعملوا الصالحات
0,﻿اي تقدم اي ازدهار مفاعل النووية بعمل الامراض كثير اهم السرطان الله يبعده عنها و انا معهم رفض المفاعل النووية
1,ربي ينعم علينا بنعمة الخشوع 
1, انا احب هذا الكاتب
0,﻿معظم اصحاب محطات الوقود و وكالات الغاز متنفذين .لقد زاد الغني غنى و الفقير فقر 
1,﻿اللهم ارزقنا الصدق و الاخلاص
1,فوق من اللي أنت فيه ربك دايمًا جنبك
0,﻿ كسم العته البشرى 
0,بدكو تخلونا نشحد
0,نادرا ما بتصير لو انه الشعب بتطور وبيتعلم مع الوقت
1,يارب اهدي بنات وشباب المسلمين الي ما يرضيك عنهم وكفيهم شر فتن الدنيا والاخره
1,والله الكل نعمة كبيرة 
0, لجنة تاااافهة
0,الله على الظالمين
1,سلمت يمناك كلام من ذهب
0,اوقف القرار للحفاظ على الوطن
0,﻿ اخ يا غبي 
0, ليش تتضحكو مش حللللوو
0,هات ناس تفهم .. والمثل بحكي اسأل مجرب ولا تسأل خبيير
0,اووخص وش هالمناشف *&^
0,هعهعهع مش حلو
0,﻿ما انتو ادرى انو الموضوع مش لصالح الصحه العامه بعدين مش كل اشي بتعملو امريكا لازم نعملو و نصير امعه اصلا احنا دول امعه شو بتحكي امريكا ولا الضالين امين نفسي امريكا تقلدنا باشي واحد
0,شو هالافكار الجهنميه يا خال
1,حقيقى لازم نجمد قلبنا عن اى حاجة غلط
1,فعلا ده صحىح مثلا زى سماع الاغانى التى تلهى عن زكر الله لو تركتها لله ىملا الله قلبك بحبه ولاتشغل بالك الا بذكره
1,يارب اوقف جنبي وقدرني
0,ما حد بيتحكم فيي
1,﻿ما فيها شك
1,والله قررات من دلواتى يا مصطفى بس انا عاز رايك فى حاجات كتير 
1,نعم صدقت لله درك
0,جنييه
0, انا انجنيت
0, الحق مش على لجنة التحكيم الحق على الاغبيه المشتركين
0,انا شوفت وقاحه بس زاي وقاحة الاخوان ما شوفت.
1,ربنا يعنا علي كل شيء
1,هذا هو الدين 
0, يلعن اوم الطفش 
0,زنخة زيك
1,اللهم اعنا على فعل الخيرات
0,انا اشوفه انه عادي ولا فيه اي معنى وايش مليوني مشاهد والله انه ما يستحق الى هذا الحد من المشاهده وبعدين هاض شي مقزز
0,علي الطﻻق الي في رجلك يا حجه بتسوى كل سﻻح العرب لمعفن
0,﻿شعب لا يحركه هذا الظلم و التعدي على كرامته هو شعب لا يستحق الحياة
0, والله انا نفسي بزعل اذا رجعت لانه مش احنا اللي بنستحقها
0,هؤلاء معوقين﻿
0,شكلك دايما متاخرة عن المدرسة
0,واحد هامل 
1,﻿صباح الهمة و النشاط شيخنا الفاضل
0,﻿و الله حرام الناس مش لاقيه توكل حتى ترفعو البنزين
1, احسن علاج هذا
0, هذا ليس مضحك ، بل مخزى ، يا للخزى و العار 
0, يلعن أم الأزعاج 
1,يا رب ما لنا سواك
0,﻿ سلمتك بيد لله فظيع 
1,شكرا لك
1,فعلا الله يبعدنا عن الكذب
1,﻿اللهم أرضنا و أرضى علينا
0, برنامج فاشل جدا
0,﻿احنا ما بدنا اياه لانا ما منفهم المفاعل النووي فوق طاقتنا صعب علينا و بكرة بذكركم و سألوا الباص السريع الثقة معدومة ... القمح فاسد المصفاه مش حسب المواصفات الخضار والفواكه مواد كيماوية شوارع مش مصانة حفر ومطبات ....الخ الافضل استغلال الطاقة الشمسية او الريح او الماء.. ليس هروب من التطور وانما الابتعاد عن الفشل الأكيد عبر التجارب .
1,ليت كل ايام السنة رمضان
0,يا ترى الحكومه بدها تزيد دعم المواطن الي الله يكون في عونه
0,ومن خسئ الشيعة اخوان القردة و الخنازير
1,اللهم أبعد عنى شهوات الدنيا وقربنى منك وأغفر لى ولكل المومنين
1,امشي عدل يحتار عدوك فيك
0,﻿يمكن امركا والصين الي بتحكي عنها مساحتها قد الأردن بمية مرة يعني لو صار تسرب نووي او اي مشكلة بتنحل اما الأردن اي مشكلة بتاثر على البلد كلها بعدين احنا حكومتنا خلصة كل أنواع التطور و ضايل عليها بس تعمل برنامج نووي و بتصير زي امريكا و بجوز يعطوها حق النقض
0,إعجبه﻿ إطعم آكيد حمضيات
1,يارب يتقبل منا والله العقل مو فاضي والقلب مكسور
1,﻿لازم كل واحد فينا يفكر بشكل ايجابي و يبعد عنه السلبيات
0,انت ما تستحي تقارن القران بوحدة ساقطة انعل ابوك لا ابو الملحد
1,فإجعل اللهم عوضي فيه 
0,وبالمناسبة، اذا على مصادر الطاقة، فالاردن غني بالزيت الصخري، وفش داعي لمصايب جديدة ع البشر والبيئة!
0, عنجد هذا الانسان تافه وحقير
1,اللهم انزع من قلوبنا مالا يرضيك
1,إنما المؤمنون أخوة
1,رب كريم
0,حزني كثير والله﻿ 
1,دي اخلاق السلف الصالح
0, شو هالغباء فضحتنا
0,﻿احنا ما بدنا اياه لانا ما منفهم المفاعل النووي فوق طاقتنا صعب علينا و بكرة بذكركم و سألوا الباص السريع الثقة معدومة ... القمح فاسد المصفاه مش حسب المواصفات الخضار و الفواكه مواد كيماوية شوارع مش مصانة حفر و مطبات ....الخ الافضل استغلال الطاقة الشمسية او الريح او الماء.. ليس هروب من التطور و انما الابتعاد عن الفشل الأكيد عبر التجارب .
1,الابتسامة كلمة بدون حروف
0,التطبيقات قليله بالمتجر ولازال امام مايكروسوفت عمل طويل للتغلب على هذه المشكله
1,اكيد لو فى كده الدنيا
0,﻿الشعب الذي اختار نواب خرجين سجون و سوابق بستاهل اكثر من هيك مشان 50 دينار الله لا يرد هيك شعب
0, كسم البرامج العربية متخلفة بنت شرموطة
0,مت عليهم حيطه هالانذال اصحاب الاجندات الخاصه الخارجيه العميله
0, كنت اشوف الاجانب اقول موسوسين
0, هذه البراامج اللي تخلف العاهات للفن الهابط فن اليومين هذا
0, الله ينتقم منه حمزه منصور واعوانه حسبنا الله فيهم
1,﻿و جنة النعيم من الرحمن
1,﻿و خير الكلام ما قل و دل
1,﻿كرامتى اولى
1,يارب ارزق العزيمة لاتخاذ القرار ويا رب اخلفنا خيرا منه
1,أحيانا يكون الفشل دافع للنجاح
0,﻿كيف صرت كاتب يا زلمة ؟؟ انت كثير عليك حمار
0,يا جاهلين .. يلي بحكي عن الطاقه .. النووي وجودو كفيل بوفاة 10000 شخص وولادة 10000 طفل مشوه .. ولو انو اشي منيح كان مابزتوه بالصحرا .. وجودو بعيد بقلل مخاطر بس ما بمنعها .. ويلي بحكي انو احنا امه جاهله مابدها تطور .. بكون هوه الجاهل وعدو نفسو وعدو الانسانية .. وبلا ننوي وبلا زفت ... قال نتطور قال . .لو بدنا نتطور طورنا حالنا من زمان مش على دور الننووي .. شعب جاهل
0,يناس جلدة الغاز مجانا 
1,اكيد ماحدا بيقدر.. يارب اعن الفقراء واعنا ع مساعدتهم
1,﻿الخشوع إحساس جميل جد أمام الله القلب يحب و الدمع صافي و متعه و بعد الصلاة راحه فائقه أتمنى لكل المسلمين هذا الخشوع
0,﻿ أنا لو مكان راغب أروح أنتحرر 
1,قصة رائعة أفادك الله من العلم لتفيدنا دائما
1,﻿اقولها لكل احبابي
0,الطبقة الوسطى في طريقها الى الانقراض على يد عبدالله نسور
0,ولك واحد كندرة 
0, سامج
1,﻿ان النجاح يحتاج الي قلبا ثابت و عقلا راشد و طموحا واعد و تحدي كاسر
0, شو هاد البرنامج معقول عرضوه على القنوات!!!!!!!!!!!!!
0,اللهم ارنا فيهم عجيب صنعك فانهم اذلو الشعوب
1,أحسن شيء العمل الذي يؤدي للاستمرارية
1,يارب اجمع امتك علي دينك يارب وشت اعداء الدين
1,﻿صباحات النقاء و الإبتسامات الصافية من القلب
1,والله نفسى بس الواحد بيجى علية فترات ينسى يعمل اية بجد
0, رح مت 
1,يارب اهدينا للصواب
1,اذا استعنت بالله وتوكلت عليه ونيتك كانت صادقة ..سوف يقف الله بجوارك...ولن يخزلك ابدا ..♥احبك ربى 
0, كأنهم خرفان العيد عند المسلخ
1,﻿كلام ما في جدل
0,﻿منك لله و بس
1,أكيد جزاك الله خيرا
1,﻿يا من شق البحر لموسى حتى خرج
1,﻿صباح الوفاء لك  يا صديقي
0, أحلى تخلف
1,﻿و تربت على كتوفنا و تشحننا بالتفاؤل أيضاً .. و صباحك أسعد
0,الله حيك شيخ ابراهيم بالفعل حكم يا نشمي
0, برامج سخيفة تهدف لهدم الأمة
1,ربنا يبارك فيك ويبارك فى كل إللى ساعدك الحمد الله وسبحان الله
0,اي تفائل هاد يا زلمة روح تشائم احسلك
1,هادي الاخوة الصادقة
0, الله الله ياشيخ ابراهيم ..حكم والله يسعد مساااااااك يارب
0,﻿ ولا شكل ولا صوت منين جايبينهم هالكائنات الغريبة !!!!!!!!!!!!!! ااه يابطني بس
0, ليش معصب يا عدولة
0,﻿هاض بني ادم حقير
1,اضحك تضحكلك الدني
0, راغب يجنن
0, جهنم وبأس المصير
0, شيئ مؤسف  الله يهديه 
1,سأترك حبك ليس كرها فيك ولكن لكثرة الشركاء فية
0,فشرت عين الشيعة والله بنحرقهم حر
0,﻿ مابتحكي معه هيك  انزلع لاعاد اشووفك جلطتني
1,اكيد لا دى نعمه ربنا يديمها علينا
1,اللهم قونا على نفوسنا الضعيفة
1,﻿يخفي صنائعه و الله يظهرها
1,يارب أخرجنا من ذل المعصيه إلي عز الطاعه
0, والله كذب من سوبر ستار القذر هذاا
0, هل الثقه بالمشتركين زاايده لدرجة العمى أو ان محيطهم يجاملهم بجمال صوتهم !!
0,عليا النعمه ابدا لا هو ولا الخروف التاني
1,﻿السعي وراء الرزق عبادة و جهاد
0, يلعن ابو التفاهه
1,اسال الله في علاه ان يحفظكم بما يحفظ به عباده الصالحون 
1,الله يقويك 
0,﻿ايه راحه فيها المسكين ياحرام
0,حكي جرايد
1,صح يا اخي صدقت الله يعين الجميع
1,صباح الورد الجوري الحمر والخمري
1,﻿جزاك الله كل خير دكتور عمرو و ربنا يتقبل منا و منكم سائر الاعمال 
1,يا رب تقوينا على طاعتك
0,﻿ سخافه
1,﻿قصه في غايه الروعة
1,نعم الصديق الوفى
1,كل سنه وانتم طيبين
1,اللهم أحينا وأمتنا على الإسلام وعلى كلمة لا اله الا الله
0,"البعض يعتقد ان المفاعل النووي سيحل مشاكلنا الاقتصادية ولكن الأردن لا يمتلك موارد مالية وهذا يعني الحاجة لشريك أجنبي ""كما اعلنت هيئة الطاقة"" يملك غالبية الأسهم كما في تركيا على سبيل المثال وذلك يعني ان هذا الشريك سيمتلك الجزء الأكبر من المفاعل ولن يكون ملك للأردن وبالتالي ستقوم الحكومة ايضاً بدفع تكاليف الكهرباء للمستثمر وبالتالي المفاعل النووي لن يوفر لك الكهرباء بسعر قليل"
1,ومن احسن قولاممن دعاالي وعمل صالحاووقال انني من المسلمين، 
0, حرام تحمل اسم عظيم زي هيك !!!!!
1,﻿اللهم اجعلني مقيم الصلاة و من ذريتي 
1,اللهم اعصمنا م معصيتك
0, اول واحد ذكرنى بصاحب اسمه قردة
0, هههه انا من ناحيتي هاظ الانسان الي قاعد بلنص اقرف واحد 
1,اكيد طبعا حب ربنا احسن من حب اي حد وانا فعلا عملت كدا
0,﻿الى يقارن بينه وبين مرسى يبقى متخلف
0, قلولهم هذا سوبر ستار مش مسابقة لبياع الخضار
1,ينور عليك..........ويكثر من امثالك 
1,صباحكم تفائل
0, يا خسارة الدقيقة وثنين وخمسين ثانية اللي ضيعتهن من حياتي على هذا المقطع التافه خخخخ
1,﻿قصة جميلة جدا تعكس معنى الايمان و التمسك بالعقيدة الصحيحة و حسن تعاليمها
1,الله ع الكلام الجميل
1,نعم رجل بهمّة يحيي الله به أمّة
0, فعلا اللي بيســتحوا ماتوا 
0, لا بتمزحي يع قرف
1,اللهم ما اعنا على التغير
1,ربنا يثبته
0,قصد وهو كبير
0, اقرفني والله
1,يهدي الله من يشاء
1,صباحك سعيد
0,الراجل الابس ثوب عليه جاكيت شكله مسطول من جنوب السودان 
1,﻿اللهم اجعلنى خيرا مما يظنون و اغفر لي ما لا يعلمون
0,﻿اقطع راسها وخلص 
1, الماء هى الحياة
0,الله يوخدها
0,والله شوي وتجيني جلطه لما ماطلعت الاولى ذيك المره
0, والشرهه على الاغبياء اللي معطينك لايك .. 
1,﻿بتمنى لو ان تقوم بعثة للدعاة من مصر و تزور جميع البلاد و تعرفهم و تشرح ما هو الدين الاسلامي و تنشر بحق فى كل مكان
0, مسخره والله
0,عفكره البيج هاد قرفني وقلب معدتي شو للاسف انتا انو عرفك انه هيك الوضع بتفتح بالفنجان يا ناس خفوا علينا الدين مش للايكات وكمنتات
0, المعنى الحقيقي لعاااهاتك يا وطن
0,ربي يكون بالعون ياأخي فقد احزنني كلامك
0,الى من اشكوك !
1,﻿ان من صفات الاسلام الامانة
1,أفعال لا تضاهيها أقوال
0, و شباب صايع مو ملاقي ياكل 
0, اهما ودهم يروحون النار لكن النار مارضت فيهم
1,صح علشان كدة منكذبش ونرتاح
1,يارب يقوينا جميعا على طاعته وحسن عبادته 
1,﻿انا بحبك في لله
1,تحفة
1,اللهم اهدنا ثم ثبتنا 
1,الله يسعد كل البشر امين يا رب
0,بعدك ماشفت اشي
1,الدين أخلاق
1,حفظ الله ابناء وبنات الأمة جميع
0,فانا اناشد الحكومة الاردنية بألافراج عن اسرى السلفيين التوحيدين الموجودين في سجونهم
0, الله يفضح امكم فضحتونا شو هالسخافه 
0,كتيييير رخيص ومقرف
0, كارثة بشرية 
1,﻿فتحه و نصرة و نوره و بركته و هداه
1,عم الرجال
1,اترك ما تهوى لاجل من تخشى 
1,﻿صبحكم الله يأهل الطيب بالخير ... و يسعد ضحاكم و الظهر و العشية
0, اخر واحد حسسني اني لازم اطرش او اروح الحمام
1,﻿هذا سلامي يسبق البرق و الطير ... فيه الحروف معطرة بالتحية 
0, لجنة زبالة من ....... اذا بفهمو بالفن خاصة ابو النظارات اللي مش موجود بالفيديو
0, والله ظلموه لجنة الطراطير
1,الحب مش ذل
0, بدك الصراحة و بدون زعل جهنم و الزبانية من الملائكة تنتظرك تموت لتشرب من فروج المومسات و صديد اهل النار ان شاء الله يا اوباش سوريا
1,المومين الى بعضهم كالبناء الزى يشد بعضة البعض
0,عيب عليك ماتستحي
1,﻿يا رب يا خير الرازقين ارزق أهل سوريا و جميع المسلمين النصر و الثبات و التقوى
1, والله صحيح
0,تعليم الاطفال علا الاغاني وعلا الرقص بدلن من تعليم﻿ القران الكريم بدلن من تعليم الدين الله لا يوفقكم
1,صح الصح كمان
1,الله يتئبل صلاتنا
1,الحمد لله الذي رزقني بالإسلام
1,الله ايه الجمال ده سبحانك ربي
0,اخرسي صحيح ما تفهمي
1,﻿ساعات اللى فى السر هو اللى بيخلى الناس تحبك فى العلن من غير ما يكونوا عارفين الا انهم بيحبوك من غير سبب
1,﻿دائماً تبعث النشاط  و الحيوية في النفوس مع  كل  صباح اسعد  الله  صباحك
1,الله تعالى معان
0,حفظ الله وطننا من ايدي المنافقين المتأردنين
1,كلام حلو ومشجع 
1,﻿صباح ملؤه الخيرات و المسرات
1,﻿سبحان الله.. اللهم أرزقنا الطمأنينة و اليقين
1,﻿لاتحزن : فإن الحسنة بعشرة أمثالها إلى سبعمائة ضعف إلى أضعاف كثيرة ، و السيئة بمثلها إلا أن يعفو ربك و يتجاوز ، فكم لله من كرم ما سمع مثله ! و من جود لا يقاربه جود
1,ربنا يقوينا ويقدرنا
0,﻿  لااااااا وربي صوتها غلييييييظ جدا 
1,﻿انا بحب كل الناس و بتمنالهم الخير
1,الله يا ريت كنا في ذاك الزمن
0, يا ربـــــي هذا مستحيل يكون كائن بشري 
1,يارب طهر قلوبنا
1,﻿كلام جميل الكرامة أفضل و ابقى للإنسان
1,صباح القشطة
0, الله يلعن الي علمكم التطور يا متخلفين يا رجعيين
1,كلماتك عذبة
0,يع شوهاي الوساخة
1,﻿و بحب الناس الرايقه الي بتضحك على طول
0, هم اللي مصخرو انفسهم
0, كدا عيييييييييييييييييييييب أودني راحت فيها
0, دلع
1,الله يثبتك و ينور طريقنا
0, عدولة السامج هذا خرب اوم المقطع قسسم زبالة هالآدمي ودمه زززفت انا ضحكت 
1,ربنا يقدرنى ويعفو عنى
0, حالات مرضية نفسية مستعصية لا يستطيع شفائها لا العلم و لا الفن 
1,﻿طموح الانسان يدفه لتحقيق اهدافه يا رت شببنا ما يقولن فات الوقت و الله يوفق من يشاء
0,يا حقير 
1, جميل جدا
1,أنا فعلا قررت وأخدت القرار ده وحاسة براحة وسعادة كبيرة أوي بقربي من ربنا بجد الحمد لله
0,﻿ هذول مساجين ولا ايش 
1,الحمدلله وربنا يجعلنا من المداومين عليها والخاشعين
1,اخذت القرار لكن برجع تانى وخايفه اموت وانا بغضب ربنا سبحانه وتعالى مع انى انا حسه انى قلبى مليان وعامر بنور الله اعمل ايه اجوك انصحنى
0,من هي اصغيره اغاني والله انقلبت ادنيه﻿
0,انت واحد حقير
0, تغني وهي متقرفة
1,طيب انا عايزه اشوف القصر
0,﻿البنزين يجي من السعوديه بأقل الاسعار و الحكومه عندنا تدبل سعره
1,﻿اللهم اجعلنا ممن تنظر اليهم بحب و اشتياق و اجعلنا من عبادك التوابين المخلصين العابدين الحق لدينك و احفظنا و قنا نار وقودها الناس و الحجاره يا رب
1,﻿حقا
1,اللهم امليء قلبي بحبك 
0,﻿ والله اول واحد سمعته منهم احسب سمااعتي خرباً  يابطني من الضحك والله زااااحفين
0,غبي الله يزيد غباك 
0,﻿للي مفكرين المفاعل راح يطورهم - المفاعل راح يدمر الأردن و المنطقة اللي حولها لأن الفساد الموجود بالأردن مش موجود بدوله أخرى و هذا يعني أن الفاسدين رايحين يسمسروا و يلهفوا لما يوصلوا اشكل مفاعل للأردن و ناسين أن المفاعل يحتاج إلى بحر ماء للتبريد و نحن لانملك ماء للشرب و ناسين أن التطور يكون بمشاركة الجميع و ليس بقرار فردي و ناسين أن الذي أقر المفاعل هو المحتكر الأول هيئة الطاقة و أن شاغرها بقي معلق أثناء فترة تسلم طوقان وزارة التربية والتعليم ؟؟؟لدول المتقدمة بدأت تبحث عن بدائل للمفاعلات و احنا بنشتري الخربان منهم مشان التقدم و بلدنا بفضل الله لديها طاقة الرياح و طاقة الشمس لماذا لا يتم إستغلالها بدل المفاعل النووي طالما أكلنا معظمه فاسد و غير صالح بسبب الجشع و الطمع و الفساد.
0,الحق عالحقير اللي نزل المنشور_بجوز اهله لابسين منه_ولك لاتنزل اشي زي هيك يا؟؟؟!
0,الفاتحة علي ارواح الغلابة
1,بصمات راقية لأديب الدعوة محمد الغزالي 
1,توكلت عليك يا الله
1,شَارِكُونآ الخَيرْ 
0, المشاركين بينو للناس انه اللى قايمين على البرنامج حمير
1,﻿اعمل ليومك و غدك و كن متفائلا دائما يا صاحبي
1,واجعلنا من سكانها
1,دعوة المؤمن لأخيه بظهر الغيب أسرع من البرق
1,﻿صدقت و الله يا شيخ
0,شو بدو بهالسّحنه
0,﻿  لا لا لا شي مو طبيعي
0,﻿ والله انو نذل 
1,جميله اوى اوى اوى يارب الكل يحس معنى الكلام ده
1,جامدة جد
1,ونعم بالله العلي العظيم
1,اجمل نابلس
1,يا مقلب القلوب ثبت قلوبنا على الاسلام
0,كله على راس المواطن ما يثير السخرية رفع اسعار المستقات النفطية المستخدمة في الصناعة تقول صناعتنا مكسرة الدنيا
0,﻿ العالم العربي متروس عاهات 
1,الحب الان بقى تيك اواى قليل اوى لما نلقى انسان مخلص فى حبه مع ان الحب ده اجمل واسما عاطفة فى الوجود
1,من دون التفاؤل ما في حياة
1,اللهم أرزقنا فعل الخيرات وترك المنكرات
1,عنجد الكذب اكبر ورطه
0,عنجد بخزي
1,والله هذا الى حصل معانا ومع ناس كثيرة بدل حب الحرام بحب الحلال يبدل الله كيانك
1,اللهم اذقنا حبا رائعا حلالا طاهر
0,﻿ و الله انو مكب نفايات نوويه و أنا اشتغلت بالمفاعل و موقعه بعلان بالسلط 
1,القدوة الحسنة خير من النصيحة
0,﻿بلد يديرها اغبياء و حراميه
1,جزاك الله كل خير بسمة أمل رائعة وشيقة جد
1,﻿لو أغلقت الأبواب في وجهك ، وأظلمت الدنيا، و خنقتك الدموع ، و ضاقت بك الأرض ، استحضر معنى اسم الله الفتاح القادر سبحانه قادر على فتح ما انغلق من أمرك
0,"﻿للأسف البعض يعتقد ان المفاعل النووي سيحل مشاكلنا الاقتصادية و لكن الأردن لا يمتلك موارد مالية و هذا يعني الحاجة لشريك أجنبي ""كما اعلنت هيئة الطاقة"" يملك غالبية الأسهم كما في تركيا على سبيل المثال وذلك يعني ان هذا الشريك سيمتلك الجزء الأكبر من المفاعل ولن يكون ملك للأردن وبالتالي ستقوم الحكومة ايضاً بدفع تكاليف الكهرباء للمستثمر وبالتالي المفاعل النووي لن يوفر لك الكهرباء بسعر قليل"
1,الله المستعان
0, ي وجه الفطيره .. قبل تعيب الناس .. أنظر الى حإلك 
1,لا تحزن ان الله معك
1,﻿الدين المعاملة و ليس بالمظاهر
0,يلعنك نذل 
0,شو الاشي الي بيضحك (ما ازنخك)
0,"رح اجتهد باني اكون حلوة يوم عرسي مش اكون متل القردة """
1,ربنا يعيننا علي نفسنا
0,  احذفه لاني بجلس احش فيهم لمين اكفر
0, مررررعبه
1,الله يثبت قلبك على ديننا الاسلام
1,اللهم وفقنا لما تحب و ترضى يا رب
1,اكيد لا الله لا يحرمنا من هالنعمة العظيمة
0, وش فيك معصب !! خلاص بعطيك اللأيك الي جاني خخخ 
0,﻿مش شايف العالم مش ملاقيه الخبز . كل واحد بشتغل على سياره رح يوكل هوا و بارتفاع المحروقات الاكل و الشرب رح يرتفع
0, اللقطة الكزميدية بالآخر دمها تقييييييييييل 
1,﻿سبحان الله خالق السماوات و الأرض
0,وادم علينا يارب نعمة الامن والامان وسائر بلاد المسلمين
1,اللهم لا تكلنا الى انفسنا طرفة عين
0, قهروني حرام
0,  يا ربي شو هالولد و الله مجنون مبيستحييش متاكدين انو مغربي
1,اللهم إجعلنا منهم
0,﻿الحكومة قاعدة بتخبص و رايحين يدمروا البلد الله ينتقم منهم
0, لا حول ولا قوة ألا بالله أذا أخذ ما أوهب أسقط ما أوجب
1,﻿الحمد لله نامل من الله ان يمن علينا بالهدايه
0, اصلن صاحب البرنامج ماخذ شباب الامه مصخره
1,﻿ما شاء الله جميله جدا
0,اعلن الانسحاب يا حمار
0, يا دم امك الرخم 
0,نفسي افهم من وين جاي يا ابن الكلب 
0,﻿روح اكتب اشي زي العالم و الناس بدل ما انت بتتهبل هيك و بتتمسخر يا مسخرة
0,ولا بقلو بيضه
1,نعم
1,﻿قصة جميلة و مهمة جدا
0,﻿  غبي
1,يا رب نستغفرك ونتوب اليك
0,يلعن روحك
1,صحيح كل هالشغلة بس قرار وبظن كلنا قادرين نآخدة اذا استعنا وتوكلنا ع الله
0,الاء اختصري ماشي
1,اللهم اتم علينا مكارم الاخلاق
0,"للأسف البعض يعتقد ان المفاعل النووي سيحل مشاكلنا الاقتصادية ولكن الأردن لا يمتلك موارد مالية وهذا يعني الحاجة لشريك أجنبي ""كما اعلنت هيئة الطاقة"" يملك غالبية الأسهم كما في تركيا على سبيل المثال وذلك يعني ان هذا الشريك سيمتلك الجزء الأكبر من المفاعل ولن يكون ملك للأردن وبالتالي ستقوم الحكومة ايضاً بدفع تكاليف الكهرباء للمستثمر وبالتالي المفاعل النووي لن يوفر لك الكهرباء بسعر قليل"
0, ك فشلوه مره صدق انهم دلوخ
0,﻿ بالله عليك فين الاناقه في الناس اللي بتغني دي 
1,اللهم ارزقنا زوجا صالحا محبا مثل
0,﻿الله وكيلك مشحطط اهل دابوق و دير غبار و عبدون و منعم على الفقراء 
1,﻿و يرزقكم من حيث لا تعلمون
0, ابي اسمعهم يغنون احسهم امرض من ذولا
0,﻿انا متشائم و رح اضل متشائم حتى ينزلوا البنزين
0,لا للناووي
1,انته جميل جدا ربنا يثبتك واتمني ان كل المسلمين تكون اخلاقياتهم في حياتهم العاديه قدوه ودعوه لكل غير المسلمين
1,اهلا بيك فى دين الله ربنا يثبتك ويزيدك ايمانا انا فرحانه بيك كتير
0, والله تحشيش
0,شغل مشغول قرف يع
1,يا رب قويني علي نفسي
1,ربنا يوفق الجميع علي الخشوع
0,ما شاء الله العطلة مأثر عليكوا كتير صبايا الكل بحكي حبيبتي وحبي وبلمدرسة كل واحد بكشر من جهة
0, البرنامج فاشل جدا
0, تم تنفيذ الحكم الي في الرد الاول وتم اعدام اول راس والباقي بالطريق
0,اهبل ولك 
1,صار بدها بطارية التقوى شحن
0, وقّـف قلبو لحسن الشافعي 
1,يا الله ارحم عبدك الفقير المسكين وجميع المسلمين والمسلمات
1,ما اجمل الكلام والاروع ان نطبقه
0,﻿يجب على الحكومة العودة بالتوقيت الى الساعة الثالثة
1,الله يرزقها كل مشتهي يا رب
0, الظاهر عقلك تافه من اصحاب العقول المقفلة 
1,اللهم قني شر نفسي
1,نرجو من الله أن يتقبل صلاتنا رغم ما تمر به بلدنا من أزمة صار الواحد خايف على نفسه و مستعجل بصلاته و أنا كلما صليت اعتبرها صلاة مودع فيخشع قلبي و تدمع عيناي
0,﻿شو عاجبك فيها متلا ؟!لتكون سيارتكم 
1, وهذه من اكبر المشاكل التي تؤرق الشباب في هذه الايام
0,﻿ ابلعن وإلديتس ي الهبــلاا 
0, والله لو يجمعونهم على شاطئ البحر الميت ويخلونهم يصرخون على اليهود ولمدة 30 ثانية . . ليهربون لقبرص عن طريق البحر . . سباحة
0, شكلها ملجلجه 
1,اللهم اكفنا بحلالك عن حرامك
1,ما احسنهم الله يكون معهم
0,﻿ مررة دلوع
0,قلة ادب 
1,ارجوك يا استاذنا الفاضل ادعيلي بالنجاح في مسابقة المجستير العام القادم والشفاء بارك الله فيك
1,اللهم رزقنا مكارم الاخلاق
1,يسعد اوقاتك 
0,ليش ما نتعلم من الي صار في اليابان، وروسيا، ألمانيا ألغت نظرتها في بناء مفاعلات نووية واستخدام الطاقة البديلة.
1,ربى يزيدن ايمان وتقه يارررب
0,﻿هاي نتيجة انه ينحط انسان .... في موقع مسؤوليه
0, سعودي متهور 
1,﻿يا رب يكرمنا بأولادنا و أنا دائما بشجع إبني أن يكون كالجبل الذي لا تهزه الرياح العاتية
1,احلى اشي الواحد يوكل بدون ما يطبخ
0,لقد اتحفتمونا بلجوكم لجيبتنا التي انفجرت بفضلكم و الفاسدين يتنعمون باموالنا فهل اصبح فاسدا لأعيش
0, حكي فاضي
0,يع يع يع قرف
1,فعلا ان الطموح هو سر النجاح
0,﻿بعدين الاردن تسبح على بحر من النفط و الصخر الزيتي اشتغلو فيه بالاول بيكفينا 100 سنه
1,ان شاء الله هنكمل مشوار النجاح
1,الموت مع الناس رحمه..
0, انا عرف شيء والله ببكي اكتر ما بضحك
1,يا سلام على الوفاء
0, هذا اللي انت فالح فيه بس..كيف تختار ضحاياك بالسرق جعل العاهه تصيبك ولاعاد تطيب منها ياولد الحرام
0,بلا قرف
1,﻿البيت اللي فيه فرح و سعادة دايما بكون متفائل و سعيد بحاضره و مستقبله
1,ايارب يتقبل منا
0, اهل العقول براحة ام نسيانك يابو نسيان صعب والله صعب
1,بطلت كتير وكل ما ابطل والتزم مع ربنا برجع تاني وكل اما ارجع ارجع اكتر من الاول
0,ﺍﺳﺘﻌﻤﺎﺭ ﺷﻮ ﻳﺎﺣﻤﺎﺭ ﺍﺑﻦ ﺍﻟﺤﻤﺎﺭ ﻫﺪﻣﺖ ﻟﺒﻴﻮﺕ ﻭﺷﺮﺩﺕ ﺍﻟﺸﻌﺐ ﻳﺎﺑﻦ ﺍﻟﺰﺍﻧﻴﻪ ﺍﻟﻌﻠﻮﻳﻪ ﻭﺍﻟﺸﻴﻌﻪ ﺳﻮﻑ تسحقون
1,والله الواحد بيدعي كثيرا ان ربنا يجعلنا في طريق مستقيم
0, بيه الزناخه
0,﻿ سماجه سماجه ووالله البنانيين دمهم ثقيل مره
1,﻿رب فعل صغير يستعظمه غيرك و خاصة ان كنت تمثل الاسلام
1,الخشوع أمر مهم جــدا في الصلاة
1,تفاءل بالخير تجده
1,﻿افتح  قلبك للعالم 
1,اللهم باركي فيه واهدي كل مسلم لطريق النور
0, شعوب تافهه همها الحياة الدنيا ...فكروا في نهايتكم
0,﻿ والله عيب بهدلتو حالكم 
0,﻿ سخيفة
0,اقترح تحويلهم الى طبيب نفسي و ليس الى القضاء
1,﻿ربنا يصلح احوالنا يا رب ظاهرا و باطن
0,﻿سنبقى نذكر دولة الشهيد وصفي التل الذي كان رئيسا للوزراء و حبيبآ للفقراء
0, الغلط مو من المشاركين الغلط من نفس البرنامج المفروض تكون فى مرحله فرز فى البدايه قبل لايطلعو الهواء
1,بدي اروح عمرة الله ييسر
1,كلام سليم والصراحه راحه
1,اللهم إنى أقسمت عليك بك أن تهدى شباب المسلمين وتنور قلوبهم كما أنعمت على طارق بنعمة اﻹسﻻم
0, يتسابقوووووووون إلى جهــنم ..
0,﻿ارحمونا صرنا نصف السيارة و نطلع بالباص حرام عليكم
1,تفائلوا بالخير تجدوه
1,﻿اللهم اغفر لنا انا كنا ظالمين و ادخلنا الجنة سالمين
1,ربنا يكرمك على سعيك وحُبك للمُساعدة
0, هبل !!!
0,امين يا رب
1,﻿الحمد لله الذي بنعمته تتم الصالحات حمدا غير منقطع 
0,هذا لا يعني خلوها من الاشكال المصدية 
0, كل النسخ العربية والجنبيى كله تمثيل في تمثيل مسخره وعقول تاقهة
0, كاميرا خفية في الانحطاط الاخلاقي 
0,قرف يعيع
1,هذا هو الحب الاصيل الوفي بكل معنى الوفاء
0, لعنكم الله جهنم وبئس المصير ايها العازفووووون 
0, هذه مشكلة الذي يغني كثيراً في الحمام ويتصور انه اصبح مطرب
0,مش عارف كيف الناس بتحبك يا زلمة؟
1,انا معك بان دين الاسلام لكل الناس وفي كل زمان ومكان
0,حبة بنـــــــــــــــــــــــــــادول
0,شو عادي يزم انتا ما عندك دم ونخوه يزم انتا مش بني ادم ترى ورح طير
1,اللهم إني أستغفرك من كل الذنوب والمعاصي وأتوب إليك
0, عذبت ام العود
0,﻿كل واحد حرامي  و ما بهمو مصلحة المسكين المواطن الي بشتغل 14ساعة ب 6دنانير
1,جميلة المعاني المجردة التي تنزوي عند التطبيق 
0, اصواتهم مع التوتر خربت
1,فعلا احس في نفسي دللك
1,﻿انبسط يا عم و افرح
0,﻿يجب وضع كل من تسول له نفسة مجرد ان يعمل اي تصرف لا يليق بالاردن ان يسجن و يسجن شىء مخزي شوية همل و زعران يخربوا الجامعات و سمعة البلد 
0,اذا اليابان اكلت هوا من النووي كيف احنا
1,﻿اصبحنا و اصبح الملك لله . اللهم لك الحمد .. احييتنا بعد ما متنا و اليك النشور
1,احسنت كلام دقيق جد
1,الاولى من تغيير العالم تغيير النفس التى بداخلنا
1,كلام جى فى وقته 
1,﻿أن الله لا يتخل عن عباده أبدا
0,﻿ اموت فيج رويده
1,﻿اللهم زينا بالخلق الحسن و ارزقنا الامانة و نظافة القلب و اللسان امين
1,﻿صبحك الله بالخير
1,ربنا أصلح أحوالنا
0,يلعن ابوك 
0,﻿ لازم اخر ما توصل اليه العقل البشري من غباء اخوكم حمزة اللهواني من الاردن
0, سوريا تعرضت لمؤامرة والامر المحزن ان ولاد سوريا انزلقو فالمؤامرة هاذي والشنيعة
1,البسمه سر من اسرار الحياة
0,﻿ليش الطلاب فاضين يعملو مشاكل فاضين للدراسه يعني ما عندهم وقت فراغ للمشاكل
1,الحب بين الزوجين أوسع أبواب السعادة
1,النية دايما بتكون موجودة وربنا المعين
0,وهاد اللي بخبص حكي ملوش معنا ابن مين هاد
1,يا الله كلامك بلسم
0,الله يسامحك حبيبتي افهمتيني غلط
1,يارب توب علينا وساعدنا نتوب وبصرنا بعيوبنا لان ساعات كتير بننسه
0,هيك بدهم الخونه اتباع ايران (الاخوان المفسدون).
0,﻿يا عالم النواوي خطير ( بحرق الاخضر و اليابس ) غلطة واحده كارثه
1,امين
1,﻿لا وحده مع القران هو انيسي ام الغرام فلا احتاجه مطلقا
0, أأأأأه لو لا القرآن لقلت (إن أنكر الأصوات لهذه الأصوات)
0, وهاي المضروبه جايخه على وين
0,انتة والمعك كلهم سافلين ووقحين
1,لا يغير الله ما بقوم حتى يغيروا ما بانفسهم
1,صباح الفل 
1,صلآة آلفجر 
0,في خطبه وحده رفض شيخ إخواني النووي الاردني ، و مدح النووي الايراني
0,كلهم فاجرين
1,يارب اجعلنى من الصالحين
1,ربنا يقوي ايمانك
0, هاد برنامج وسوبر ستار بنامج شوف البريطان شو بعملو فعلن سوبر الهبل
1,﻿و الله بذل نفسي مرة و اتنين و خمسين عشان الغرام الحلال احلى لكن مين يحس و يفهم و يقدر
1,﻿و الله ثقف نفسك ده بيقول كلام زى الفل
0,﻿المفاعل النووي سيحتاج لشريك استراتيجي يمتلكه او جزء كبير منه و ستدفع الحكومة الأردنية ثمن الكهرباء لهذا المستثمر لذلك يوجد احتمال كبير ان ترتفع هذه الفاتورة
1,﻿اللهم اكثر من امثالك يا دكتور عمرو و الله نفسنا تشرفنا فى مسجد الصديق بشرتون هليوبوليس
0, برنامج ساقط
1,﻿يا رب فرج
1,المواساة والمحبة بكل الامور رمز الاخوة 
0, والله تحشيش من الاخر
1,نعم
1,﻿اللهم ارزقنا كما ترزق البغاث تسلميلي هنوده حلوه كثير الله يفتح عليكي و يهدينا و اياكي
1,العفو
1,يا ارحم الراحمين يا الله
1,ان الله على كل شيء قدير
0,لا للمفاعل النووي
1,من يتقي الله يجعل له مخرجا
0,يعني لو عايزين يبعوه بلغوني من القرف هاض يع يع يع 
1,يارب ثبتنا بعد اخذ القرار لان هو ده الاهم و الاصعب
1,سأبقى رائعا معك إلى النهاية إن بقيتي رائعة معي إلى النهاية
0,حيوان
1,﻿و نرجو لك دوام الخير و المحبة من الله و من الناس
1,الله لا يحرم حدا من العائلة الدافية والذرية الصالحة
0, كس امكم يالعرب يابهايم يابقايا حضارات الامم
1,﻿ابتسم و هدي اعصابك
1,اللهم اجعلني من يتشرف به الاسلام
1,اللهم انصر الإسلام وأعز المسلمين
0, انا لاحظت بلبنانيين انهم ماعندهم روح الكوميديا نهائيا 
0,﻿لوين ندكم توصلونا و الله هموم المصاريف قتلت الصغير قبل الكبير الله ياخذ حقنا منكم و لا يباركلكم
1,﻿وماذا عن التفاؤل في يوم ربيعي جميل نحقق به الامال الطوال
0,  فضحتونا من وين نحنا بال48 عنا برامج هيك تافها ومخمجي
1,يا حلالي ويا مالي ايوش هييييييييك لازم من زمان
1,اللهم زيد المسلمين وبارك فيهم
1,سننتصر على اعدائنا
0, ضيعت 7 دقايق من عمري بمشاهدة ازنخ و اتفه شخص بالحياة الا و هو اللي بالنص و لا حتى بعرف اسمه
1,ممكن يكون احسن بالاخلاص
1,والله اني لاحس بالشفقة علابنات الجامعات 
1,حلوه اوى
1,صباحكـ نقاء يشبه سريرتك 
0, أسوأ شعب الله في الكوميديا
1,﻿اللهم أعني على ذكرك و شكرك و حسن عبادتك
0, سخافه بكل ماتحوي الكلمه من معنى
0,﻿ يلعن ام الحاله ياخي وناسه
0, في ايه يا ولاد الوثخة؟
1,الهم اجعلنا اخوة في الله واحشرنا مع الصديقين والشهداء والصالحين 
0,ا عيني ع الصحبة بس اكيد وراها مصلحة
0,فظيعين﻿
0,فعلا الطاقة الشمسية هي البديل وليست النووية لان حتى الدول المتقدمة صارت تتخلص من النووي وتتجة للطاقة البديلة وخصوصا احنا الاردن بلد مشمس عالطول السنة والكلفة ما اتوقع اكثر من الطاقة النووية
0, عااااااااهاااااات
1,اكيد طبعا
1,﻿و ما من دابة في الأرض و لا طائر يطير بجناحيه الأ على الله رزقه
0, مساكين ها البشر 
0, لانهم يمكن يكونو قاهرينك 
0,﻿ عاهاتك ياعرب
0,هههههههههههههههههههههههههههههه ... لا نووي ولا صوبة بواري ... كالعاده نصبه جديده
1,الله و اخترت اسم غالى على قلبى قوى ربنا يثبتك على دين الاسلام اخترت صح بجد
0,لإنه النووي ضرره علينا اكتر بكتير من فوائده 
1,لاتنساني من دعائك الصالح شيخنا..
1,الله اكبر والعزه للسلام
0,ابوهااا هوه﻿ المصيبة..... بسس هممه الفلووس اللي تجيبهااا بنته
0, ياخي برنامج السامج
1,للهم اعنا على ادراك هذا المعنى العظيم يا رب 
1,اعملوا لآخرتكم 
1,نعم فى البدايه كلهم اروع من الروعة
1,ربنايحفظك ياشيخ
0,﻿الله يرفعهم الى جهنم جنب القذافي بأسرع وقت لان الظلم زاد عن حده
0, باللـــه عليكم. ألم تستحيوا من انفسكم قبل قدومكم الى هذا البرنامج. ثم الم تعلموا ان هناك مسابقات لانكر الاصوات في قناة اخرى
1,تحيه لأهل فلسطين الغاليه
0, هذا تشهير ملعون والدين المفروض ما يعرضونه
0,﻿ واي ناس فاظيين صج عاااهاات!!
1,بتقول كلام دي الفل
0,عيب يغني ده السادات ! وده ابن مره 
1,تمام
0,انا بكرهك 
1,لطيف
1,﻿صباح الخير و الاشراق و الامل 
0, عاهات العرب الجرب
1,هو رحيم بكل شىء في الكون هو الخالق فلابد ان يرزق مخلوقاته
0,تسلم صرمايتك
0, اللي غنى عدوله محاولة استخفاف دم من البرنامج 
1,ما في احلى من الفرح 
0,شو بدو بهالشوفه ؟؟؟؟؟؟؟؟؟؟؟
0, حسبي الله ونعم الوكيل فيكم..
0, الله اكبر شو هيدا اكل الرجال
1,يا مسهـــــــــــــــــــــل يا رب 
0,انت واحد ما بتستا هل الجزمة
1,لا تقنتوا من رحمه الله فهي وسعت كل شيء مهما عصينا فلنا رب كبير رحيم ورحمن
1,أجمل شيء مخافة الله تعالى
1,رائع
0,الوان مش حلوة
0, يعني هيك برامج بتبين للناس وين صرنا و كم صارت نسبة التخلف بين شباب امتنا
1,ستجد مساعدة الله وعونه لك عندما تكن النية صادقة
0,﻿لا دة ذكاء 
1,صباح السعادة العامرة
0,﻿أوروبا كلها تريد التخلص من النووي و تحاول استثمار الطاقه الشمسية و ما عندهم شمس قد ربعنا و احنا بدنا نأخذ الي راحت موضته وولى زمانه من كثر إخلاص القائمين على مصلحة الوطن يا حسره
0,يلعن امك 
1,اللهم ثبتنا بالقول الثابت في الحياة الدنيا وفي الاخرة
1,ونعم بالله من أختار قرب الله فما خاب ابدآآآآ الله على دى راحه وده شعور الحمد لل
1,ربنا اجعلنا من الصالحين و اهدنا الي الريق المستقيم
0, عاهات
0, وسبب برفعة ضغطك 
1,عن جد انتى ما شاء الله عليكى جزاكى الله كل خير
0,مش باين منيح ليش عم تكذبو
1,أسأل الله أن يرزقني من يدعو لي في ظهر الغيب 
1,يا رب كن لي وكيل
1,رضيت بالله ربا وبالاسلام دينا وبمحمد صلى الله عليه وسلم نبيا ورسولا
1,انا فعلا عملت كده والحمدلله بقيت احسن من غير الحجات الي ربنا خدها مني الحمدلله
1,صباحك نور
1,﻿الحمد لله رب العالمين على عطاه و رضا
0, يعني يجبون كم واحد يعطونهم فلوس ويجون يستهبلوا عندهم عشان يحركون البرنامج
0, بقطعكم شو حقودييين
1,الحب الحقيقي عملة نادرة فعلاً وهو نعمة كبيرة من الله عزوجل
0,﻿ بكتب ع اوراق الشجر يقول موهبتي وانا صغير الله يسامح اللي كاذب عليه
1,تحياتي ياشيخ
1,﻿بلا هم و بلا وجع راس خليك رايق دايما
1,﻿ابتسم بنيه طيبه و فقط
0, والله حرام يعني مايدرون انهم مصخره
1,حبل الجذب اكصي
0,﻿ عاهات وعهد الله عاهات ايه اللي خلاهم يغنو دول
0,إلى بشار الاسد : كــــس أخـــتـــــك :)
0, من يستمتع برؤية الناس في مواقف محرجة فهو سادي و غير اصيل و نفسه ضعيفة و مريضة
0,وسدئيني انكووو كلاب 
1,يا صاحب الفرج 
1,الحمد لله كلما ارى ناس اسلموا تعم الفرحة في قلبي
0,بعئد
1,موضوع اكتر من رآئع ...
1,ما أجمل الحياة برضى الله
0,﻿ أصلا ابو وديع لو كان اجا كان خسر 
0,الى ابن بشار الاسد: كس اخت ابوك:)
1,صباحكم سعاده
0, فعلا برنامج ساقط واللي بيتابعه أسقط منه..
0,﻿و الله مش طبيعي حرام و الله غير تنتشر السرقة و النهب خرب الامان النشور
1,الله على الكلام  يا رب أعينا
1,﻿يا من يرزق النعاب في عشّه .. هيّء لنا مقادير 
0,﻿ غبي انتا اشي !! الصووووت هاد بتشبهو بجورج وسوف
1,اللهم اعنا ع ترك كل ما لا ترضي 
0,ولك تفيييه عليك
0,ما بكره حد قدك
1,﻿صباح الخير لك ياشيخ ... لكم كلماتك دائما تشعرني بالامان و السكينة و الرضي بما كتب الله 
0,"﻿الاردن فيه طاقة شمسية بتغنينا عن استخدام المفاعلات ،،، تخيلو معي الطريق بين عمان و العقبة كلها ارض فاضية و صحرا منقدر نستغلها في بناء خلايا شمسية ،،،، احنا مش ضد انا نتطور و لكن الدول ""المتطورة"" عم بتخلو عن الطاقة النووية اللي رافقها مشاكل صحية و بيئية عديدة و عم بسبتدلوها بالطاقة المتجددة ،،، طاقة نظيفة و غير مكلفة"
0,﻿ استخفف التحكيم
1,كلام ذهب
0,﻿ والله خبل 
0, تخسا هما وكل واحد بشد عأيدهم مشكلتو شعب سوري يدعون البراءه وهم في قمة النذاله
0, مهزلة التاريخ
0, foxboxer4 حرام عليك ماتشوفه شلون يصارخ كانه مشجع في ملعب
0,شو هاض المنشور الوسخ 
0,ما اقسى غربة الروح
1,حلوه اوى الحمله دي وربنا يارب يكرمك وكل الي بيتبرعو
1,حلو صديق عمري 
0,رائعة الحَرف نَقية المَعنى
0,اغرورقت عيناي بالدموع
1,يارب وانت إدعيلي
1,ياااااارب اعنا على عدم معصيتك
1,الله يثبته يا رب ويثبتنا احنا كمان 
1,﻿سبحان الله مالك السموات و الارض
0, هذا معوق جنة جورج وسوف
1,ما أجمل ديننا الاسلامي 
1,روشتة علاج لأخطر الإسقام بارك الله في كاتبها
1,﻿اعنكم الله و تقبل منكم و يسر طريقكم
0, وش التخلف هذا 
0, يلعن اخت اليهود اذا بدهم يرجعو شبر من فلسطين ل هاالمنا
1,اللهم ارزق ابناء المسلمين زوجات صالحات وبنات المسلمين ازواج صالحين
0,ولاةُ أمرك الوهابيين يكرعون الخمر والسديقي كرعاً بالسر والعلن دون تطبيق الحدود عليهم!! 
1,من رافق وافق
0, لجنة فاشله تتمسخر على المتقدمين 
0,﻿ أنوا ا ا ا ا ا ا اع الشماته هالكلبا 
0,﻿ وعرض اختي انك لاسع ياادمن عساس لو بدها تضرب من هسة خايفة منك
0,نحن في زمن يهان فيه المرء ويكرم فيه الكلب 
1,استاذ عمرو يا ريت شوية تركيز على اخوتنا في بورما انهم يتعرضوا لحرب اباده حقيقيه
0,﻿المفاعل النووي سيحتاج لشريك استراتيجي يمتلكه او جزء كبير منه و ستدفع الحكومة الأردنية ثمن الكهرباء لهذا المستثمر لذلك يوجد احتمال كبير ان ترتفع هذه الفاتورة
1,حفظ سور جديدة و تسميعها فى الصلاة يساعد على التركيز
1,﻿ابتسم امام كل الناس لتسرهم و تجبر خواطرهم فتبسمك في وجوههم صدقه
1,ما احلى الوجود بقرب الله
0, ههههههه والله صدقتي همة اصعب شئ الستين سنة الاوليات
1,إنه دين يسر وليس بدين عسر
0, قرف يقرف اللبنانيين شو تافهين
0,الأردن رح يولع يا نسور 
0,لا بقلو بيضه حكي فارط .. احنا الاردنيه ما حد بيطلع معنا براس ..
1,صحيح
1,﻿اه و النعمة 
0,يا اخوان احنا قرفنا
1,صباح الزنبق والفل والياسمين
1,اصلي يروح الهم ينشرح صدري ب الصلاة
1,يا مصلح القلوب أصلح أحوالنا
1,نفع الله بك يا دكتور
1,﻿لست الأفضل و لكن لي أسلوبي سأظل دائماً اتقبل رأي الناقد و الحاسد 
0,شنو السالفه يعني اتقارنون القران الكريم ويه نجوه كرم هاي العرمه لا الله اله الله
1,تبتنا ياربن علي دكرك وشكرك و حسن الخشوع في صلاتك
0,﻿صحح الخبر . مش تحرير المشتقات النفطية و إنما توليعها
0,حيوان وكلب الله يموتك
1,يارب اعني على هذا القرار
0,الله يلعن ام هيك نمر
1,ربنا لتزغ قلوبنا بعد إذ هديتنا
0, الشو اسمو ستار أكاديمي ولا المسخره عل العالم أكاديمي
1,الله يفتح عليك
1,أهلاً وسهلاً بحضرتك :))
0,مش النووي (ان صار وما اظنش اسرائيل تسمح باقامته بهالسهولة) هو اللي بيعني انو احنا متطورين او متقدمين!
1,﻿صباح الإبتسامة مرسومة على محياك .. ربي اجعل حياتي و حياة أحبتي نور على نور
0,ياحيوان ماشي ريال مدريد
0, متفقين معهم... و البرنامج خايس
0,بس أنا مش منهم ولا البنات يلي بالجروبات
0,﻿والله احنا مو ناقصنا وجع قلب ... بس ضايل علينا النووي .... و صحة البشر مش برضو خطية المسؤولين ... و ﻻ خلص ما عاد في شي فارق !!!! والله عحب
1,انا انصح كل انسان ان لايكذب لان الكذب مداه قصير
1,اللهم أصلح شأنى
1,﻿و الله انت حبيبي 
0, سوبر حمار والله هذا السوبر حما سبب في تخلفنا
0, فعلا زي ما حكى اخر شي .... مهزلة .. وانا مهزلة اللي ضيعت وقتي اشوف هيك مسخرة .. فعلا اني مسخرة
1,و الله أنا بقول كده م الصبح
0, اتفه برنآمج عآلمي 
0,لا مو حلو
0, تدرون يا جماعة الخير انها بتتعدب والله 
1,﻿ما شاء الله الله يثبتك
1,﻿بجد تحفة
1,قول يارب ادعي كتير انك تكره هذه المعصيه وربنا كريم
0, حرف الراء مصيبة ي ريس
0, معايا زميل زميل يلعن المسخره كلهم مايستحون ذووولي
1,شبابنا فيهم الخير بس بدهم حدا يرشدهم 
1,والله اني احبك في الله يا 
0, اخر واحد اش فيه؟ مجنون؟؟ المفرووض اللجنة تمنع المجانين
0,﻿يعني بكل وضوح بدكوا تذلوا الشعب الأردني و تخلوه كل 4 شهور يصف طابور عشان يوخدلوا اكمن ليرة 
1,اللهم اعز المسلمين
1,قال رسولنا الكريم: مثل المؤمنين في توادهم وتراحمهم كالجسد الواحد اذا اشتكى منه عضو تداعى لسائر الجسد بالسهر والحمى
1,الله يهدي الجميع ويوفقك
0, استغفر الله مجانين يروحون سوبر ستار
1,اللهم استخدمني ولا تستبدلني
0, مجنون صوتها انا
1,استعينوا بالله يا مسلمين
0, بكره واحد منهم بينتحر لم يضحكو عليه
0,كلو حكي فاضي
1,اللهم ارزقنا ان نكون مثلهم
0,سيد شوكت بحب احكيلك انو حنضل نشحد بسبب المفاعل للأسف البعض يعتقد ان المفاعل النووي سيحل مشاكلنا الاقتصادية ولكن الأردن لا يمتلك موارد مالية وهذا يعني الحاجة لشريك أجنبي يملك غالبية الأسهم كما في تركيا على سبيل المثال وذلك يعني ان هذا الشريك سيمتلك الجزء الأكبر من المفاعل ولن يكون ملك للأردن وبالتالي ستقوم الحكومة ايضاً بدفع تكاليف الكهرباء للمستثمر وبالتالي المفاعل النووي لن يوفر لك الكهرباء بسعر قليل
1,﻿اللهم اني اسألك خشية في السر و العلن
0,﻿اتقوا الله فينا بكفي رفع اسعار و الرواتب بالحضيض
1,لا اله الا الله محمد رسول الله
0,هع  بدها بس تعلق التعليقات الزنخة
1,﻿عندك حق أنت أمل جميل و مشرق
0, اللي صوةتو بشبه ابو وديع ليش بتمسخرو عليه 
1,﻿ما شاء الله على هلتفائل الي عنده
1,الأسلام نعمة كبيرة من عند ربنا لا تقدر بكنوز الدنيا كلها
0,احقر من هيك خيانة ما في
0,حطمت كل احلامي البريئه
1, كلام صحيح من شان هيك الدول اللي ما فيها بطالة والمجتمعات المفتوحة بتقل فيها المشاكل النفسية
0,ما شاء الله والله انها امر متل الكرتون
1,﻿الفرح  فرح  و سرور 
1,الله يرحمنا برحمته
1,الكرامة فوق كل شيء
0,﻿المشكله احنا امه لا تتعلم من غيرها تسريب المفاعل الياباني و الكثير الكثير ا.. احدى الدول الاوروبيه اعلنت باستبدال المفاعلات النوويه بطاقه البديه و الغريب انه بنفس اليوم اعلنت السعوديه بانشاء مفاعلات نوويه (سلميه) لا ذكر اسم الدوله الاوروبيه اعتقد المانيا ..انني اقسم بالله العظيم انني افضل النوم بكير و استغني عن الكهرباء كليا اذا كانت بمفاعل نووي على الاراضي الاردنيه
0, من جد مجنون 
1,العبرة بالختام
1,﻿صباح الدرب للجنة
0,شو بالا يا دانيا و المشكلة مش عارفه تكتب هعهعه
0,يااخى عيب عليك لما تعمل مقارنه بين المصحف والحاجه دى وبعدين مين الملحد اللى انته تعرفه ده يا د يا نصر
1,﻿الله احفظ احبابي و اصدقائي من الحسد و الكيد و الفتنة و العين
1,خلتنى ابتسم رغم انى مكتئبة جدا 
0,ماشي هسا انا صرت ولة طيب في حدا بيشبهك كتتير
0,﻿هههههههههههههههههههههههههه الحلو انكم بتحكوا على اساس انو الأردن ما فيه فساد و سرقات ...........
0,﻿الانكسار من اسوء الاشياء
0,﻿ والله على بالي مجنون 
1,اعنا يا ربنا
0,فشرت عينك 
0,بكفينا اللي بنشوفو من الدكاترة في الو الواحد نفس يعمل اشي منه
0,﻿  الله يلعنكم يا اولاد الحرام الفن له اهله وناسه لا يحتاج لا مسابقة ولا زبي تفو
1,ما في أحلى من التفائل الواحد بعيش مرتاح
1,وعجلت اليك ربي لترضى
0,بس الله لا يسامحكم و تلقوها بصحتكم ان شاء الله.
0,اصلا كتير من البنات بدهن يحكن مع الشباب
0, عالم فاضيه بيسموا الغناء فن بيشغلوا الناس
1,يجب على كل مسلم الإعتزاز بدينه في جميع الأمور صغيرها و كبيرها
0, هي عندها صوت قوي بس للأسف الحين مثل غيرها !
1,﻿يا رب اللهم اجعلنى خير مما يظنون و اغفر لى ما لا يعلمون
0,﻿ يا سيدي هدول عاهات ولله يعني فيك تسحب عليهم قرض من البنك كونهم عاهات 
1,يا لطيف ألطف بنا
0,شو يعني بدك ايانا نحكي من وراكي مش حلوة 
1,﻿يجب دائما أن نعتني بالورود لكي تكبر
1,وكل منهو دنا منك
1,ان شاء الله ربنا يعينا على فعل الطاعات
0,﻿اللة لا يشبعكو يا حرامية
1,دخيل عينك يادكتور كلامك ذهب
1,الله حيهم ما اكبرهم هالسباب
1,سبحان يهدي من يشاء ﻻإله إﻻالله محمدرسول الله
0, والله انك مهزله
1,مفيش اجمل من ان الانسان يحافظ على كرامته
1,﻿صح كلامك و أحلى حكمة و محد يبقى للنهاية رغم اتفاق الطرفين
0, يخرب زوءك 
0,انتم يا قطريه شن عارفكم السياسه انتم لاعندكم جيش ولا استراتجيه ثابته انتم عملاء امريكا يا خونه
1,﻿يا عالي بلا درج
0,بعرف بس مو حلو
1,وعلي الله قصد السبيل
1,اللهم اجعلنا من اللذين يصلحون فى الارض ولا يفسدون
0,مقاسك غير مناسب يا شريف مع نفسك
0,﻿سوبر طقاع .........﻿ اول واحد جايته زبيريه 
0,﻿إلى إعتصام مفتوح (ميدان تحرير ) للتخلص من قوى الفساد و الإفساد
1,أسوء شيء ان تكذب لأنك ستبدأ سلسلة لا نهاية لها من الأكاذيب و في النهاية ستكشف
1,اللهم اهدنى الى ما تحب و ترضى
1,مااجمل الوفاء
0,كلب واطي 
0,﻿ .. مسخرة
1,﻿ولا تنسو تبسمك في وجه اخيك صدقه
1,﻿ماأجمل الحب و الأخوة في الله أن نخاف على بعضنا حتى في علاقتنا مع ربنا شئ رائع جدا 
0,﻿ لازم يحكم عليهم بالسجن
1,الزمن الجميل 
0,﻿الرفض القاطع للمشروع لانه بس يتم و يشتغل تمام رايح ينباع او يتم تاجيره و نصير نشتري وقود مخصب و يصير اغلى من الكهربا لانه للاسف ما فيه شي بعيد عن ايدي المفسدين و الاستغلاليين او يصير زي مشروع تسمين البقر ؛ينتجو الطاقه و تروح لاطراف خارجيه خالرج اطار حاجة العامه
0,﻿يا أخوان القصه مش قصة طاقه متجدده او نوويه الموضوع كالتالي سواء عملنا هاي او تلك كلوا رايح في جيبة فلان و علنتان زي ما باعوا البوناس و الفوسفات و من اسبوعين لما باعوا المطار لشركه فرنسيه هيك رح يصير بالمفاعل النووي او محطات الطاقة المتجدده يعني بين قوسين آخريتها تنباع فقبل ما انلم تواقع لازم نلم بعضنا و نروح نحاسب كل واحد لعب قمار فينا و نحاسب كل واحد باع شغله بتخصنا و بتخص بلدنا بدون ما يوخذ رأينا لأنو احنا بلشنا نعد لورى و بعتذر على الإطاله........
0,اذا كان هيك الخبر انا ما بدي اعيش
1,ارضى عني يا رب
1,﻿من احبه الله  حبب به خلقه
1,﻿اذا لم تقل لا للظلم فسيستمر إلى الابد
1,حماك الله من النكد
1,شبابنا زي الوردة بس بدهم حدا يدعمهم
0, يضحكون و م شاففوا انفسهم ، لو قلنا غنوا جابوا الععيد فالحين بس في الظرافةة هـ الشيبان
1,اللهم اكفني بحلالك عن حرامك واغنني بفضلك عمن سواك يا رب
1,﻿صراحة الارادة و القناعة هيا الغنى الاكتفاء
1,ادعي من الله ان يقوني علي طاعته
0,لهم صارو يبيعو و يشترو في البلد متل ما بدهم
0, والله شويه عبط الي بيغنو والحكام كمان
0,﻿مين هااي الي بصورة وئدامها كورس 
0,الله يجعل ابوك وامك من اهل النار اذا بتعيد هالحركه مره ثانيه
1,﻿اللهم اني اسالك اخلاص النية و كرم الطوية
0,مشان الله حد يعمله هوشة بدنا نعطللنا شوي
0,نذاله ههههههههههههههههه
1,قصة حقيقية رائعة فيها عبرة لكل زوج وزوجة فيها المودة والرحمة 
1,أفتخر إني مسلم نعمه من نعم ربي
1,يا عمي ما في احلى من الاكبل
0,هاض بعرفو بس مقرف
0,اسفل من بعضهم
0,﻿حسبنا الله و نعم الوكيل فيكوا
0,﻿الطاقة الشمسية هي البديل و ليست النووية
0,كلهم فاجرين
0,المشكلة في ناس تقنع حالها أنه جورج وسوف له علاقة بالأغاني  
0, لا حول ولا قوة الا بالله ليش الحرج هدا
0,خلص اخرسن انا قرفت اكتر منكن
1,لا ربنا يرحمنا برحمته
1,اللهم انر قلوب المسلمين و ايقظهم من غفلتهم 
1,﻿سبحان الله مواقف لها معنى و قيمة و فعلا تعلم ما شاء الله .. 
1,امتنا ما في زيها 
0,لا تفهمي غلط حبيبتي
1,﻿املأ رئتيك بعبق السماء مع ولادة صباح جديد تهتز له الحياة و تحتفل .. أيقظ عقلك بالنور .. و ابعث همتك حية متوثبة ، لتطوي نهارك في فرح
0,﻿ام التحطيم
0, حسيت كله تمثيل وسخافة و غباء
0,اطالب برحيل هذه الحكومة
0,كله لايك لا اتفشلوني
1,"اللهم معنا علي طاعتك ورضاك وقوي عذامئنا """
1,"الحمد لله الذي هدانا لهذا..."""
1,الله اكبر ولله الحمد مصر بخير فيها ناس كتير طيبين 
1,اني احبك في الله
1,﻿الابتسامه جميله
1,صباح كل جميل في هذا الكون
1,قصه جميله ودايما انا بحب اسمع البرنامج
0,بخزي
1,اروع صفحة
1,ربنا يهديني ويجعلني من الخاشعين والمسلمين اجمعين
0,اعطيه علي راسي هدا الصح ياحاجه الله اكبر
1,اما في الدين فتصير اخوة في الله وهي ارقى العلاقات الانسانية...بصحيح الحديث (رب اخ لم تلده امك)
1,﻿صباح النور و السرور و الورد المنثور
0,ايس شراع القرف
0, بعن الله ابوك انت وعدوله يالسامج
0, الشب السوري 1:20 مظلوم 
1,يا طيبة الخير جينا
1,بارك الله فيك
0,﻿الرفض القاطع للمشروع لانه بس يتم و يشتغل تمام رايح ينباع او يتم تاجيره و نصير نشتري وقود مخصب ويصير اغلى من الكهربا لانه للاسف ما فيه شي بعيد عن ايدي المفسدين و الاستغلاليين او يصير زي مشروع تسمين البقر ؛ينتجو الطاقه وتروح لاطراف خارجيهخالرج اطار حاجة العامه
1,والله انت الحبيبة يا طيبة
1,ان الجميل اذا اخفيته ظهرا
1,اعمل ايه لو عاوزة اشترك مع نهر الخير
1,فاهجر تجد عوضا عما تفارقه
0,﻿ مجرم 
0,فقد عجزت الكلمات 
1,﻿كلام طيب
0, ودي اكسر الابتوب على راسه ..
1,﻿صباحات العقول اليقظة و الهمم الحيية المتوثبة 
1,الله الله على اخلاق الصحابه...اصحاب رسول الله
1,اللهم اهدنا فيمن هديت وعافنا فيمن عافيت
0,"﻿للأسف البعض يعتقد ان المفاعل النووي سيحل مشاكلنا الاقتصادية و لكن الأردن لا يمتلك موارد مالية و هذا يعني الحاجة لشريك أجنبي ""كما اعلنت هيئة الطاقة"" يملك غالبية الأسهم كما في تركيا على سبيل المثال وذلك يعني ان هذا الشريك سيمتلك الجزء الأكبر من المفاعل ولن يكون ملك للأردن وبالتالي ستقوم الحكومة ايضاً بدفع تكاليف الكهرباء للمستثمر وبالتالي المفاعل النووي لن يوفر لك الكهرباء بسعر قليل"
1,ربك دايما جنبك لو نديته هتلاقيه 
1,اكرمك الله يا استاذي الفاضل 
0,الي انا شايفو انو المفاعل راح ينعمل في الاردن و راح يخدم دول تانية.... يعني مش عشان سواد عيونا...
0,اتصور لو ظليت ما اتعلق احسن لانه تعليقاتك مقرفة 
1,ما في احلى من انه الواحد يوكل وينام
1,﻿البسك الله ثوب الصحه و العافيه صباحك ورد
1,﻿سلمت ... و سلمت يداك ... انها الاخلاق الكريمة التي علمنا اياها رسولنا الاعظم صلوات الله و سلامه عليه ... و اننا انشاء الله سنفعل ما بوسعنا حتى نرسم صورة راقية و جميلة عن ديننا و اخلاقنا .. و الله المستعان
0,دلوعه حيوانه﻿
0,يا امة ضحكت من جهلها الامم
0, انا ابو عدولة هذا لو قدامي صدق اني راح العن ابو من جابه
0, اه يا ابو القمل
1,من يتوكل على الله فهو حسبه
1,مافى أجمل من قوله يارب ومن يتجه الى الله عز وجل لن يتركه الله ابدا
1,على الأقل هناك رجل وفي لإمرأة أحبها وهذا يسعدني
0,﻿ اقسم بالله انه منتهيي 
1,إذا غلبك أمر وعجزت عن التعامل معه فكرر ((يا حي يا قيوم برحمتك استغيث))
1,يعطيك العافية 
1,الله يهدي الجميع للاسلام 
0, بنص المقطع سقاله موطبيعيه
1,الله يهدي التائهين والضالين الى طريقه
0, مبرد وجوهكم
1,لا تحزن على دنا فانية بل احزن على آخرة باقية
0,﻿ هذول مخانيث ]
1,ربنا يكتر من امثالك يا مصطفى
1,بوركت
1,من ترك شيئا لله عوضه الله نورا وايمانا في قلبه
0,﻿مع مين بتحكي بتول انشالله مع حالك 
1,خلق الايثار
0,لان ديانا كرزون البغله الاردنيه لا تستحق ذلك
0,عني كل يعلقو الا انا
1,نعم الاخ وما أطيب قلبه
1,﻿مااكرمك يا ربي يا كريم
0,صحيح انك سافل
1,حلو كلامك عزيزي
0,تفوووو عليك
1,أنا أقدر الاخلاص و الوفاء بشكل كبير 
1,بسمة امل حلوة 
0,سلطان القرف 
1,﻿اللهم أعنا على ذكرك و شكرك و حسن عبادتك
1,ربنا يكرمك يا دكتور
1,﻿كنت أخادع الحيـاة لكي أعيش كما أريد .. لكن الحياة خدعتني و عشت كما هي تريد
1,الله يفرح الكل ويجمع بين المتحابين على خير
1,صباح ﺎلإشتياق لِتلک ﺎلتي تَجّري مِن تَحّتِہا ﺎلأنہَار لا حُزنَ فِيہا 
0,خمسة مليون يوقعوا علي رفض المفاعل لانة سوف يدمر الاردن لان التقدم ياتي من خلال عدم النهب للمال العام يعني يجب وقف النهب وهذا مشروع فاشل من يومة
1,ما اروعهم 
1,اللهم استخدمنا في طاعتك
0, جزمتي و الا اقولك اسفل جزمتي الثورة في سوريا ما اشعلها الا الوهابيين اللي هم السلفيين 
1,اللهم إني اسألك صبراً
1,#احسنوا الظن 
0,خسئو وخسئ امثالهم ومن طاوعهم
1,ربنا يحميك
0,﻿ بطني وجعتني من الضحك
0,﻿ يشبه رغد مجنونة هيافاء
0, هذا صدق ولا مجنون ولا يستهبل وش القصة
0,الحمد الله علشان نرتاح من جميلة الدعم
0, لا عنجد زلمة ............ شكلو بخوف
0,حتى نعرف نحل مشكلة المجاري بعدين منعمل مفاعلات
0, قسسم انه استهبال باستهبال
1,يرزق من يشاء بغير حساب
1,اللهم اجعلنا ممن يعطي الامانة حقه
1,﻿الدعوة مش بالكلام بس ممكن نكون دعاة بأخلاقنا و أسلوبنا و تعاملنا 
0, اصلا سوبر ستار للعاهات
0, لآ مش فاهماك
0,شفتها اقول وشذا الكيك*&^
1,الحمد لله على الفهم
1,صباح الخير والفل
0,يع حاسة حالي بدي استفرغ
0,﻿ليش ما نتعلم من الي صار في اليابان، وروسيا، ألمانيا ألغت نظرتها في بناء مفاعلات نووية و استخدام الطاقة البديلة.
1,وياريت بتظبط الكذب ماوش رجلي
0,﻿كنا نقول البلد حاميها حراميها و ماذا سنقول الأن مفتيها حراميها و الله الواحد تحير في هذه الامة التي اصبح الحليم فيها حيران 
1,بنحاول فى كل مره نكون افضل
1,يارب كرهنى وابعدنى فيما يغضبك
0, انت ما شفت النسخة الاوروبية والامريكية والماليزية من نفس البرنامج فيها بلاوي اكثر من كذا بس حنا العرب فينا عقدة النقص والتخلف
1,﻿فالأول يصحح مساري و الثاني يزيد من أصراري
1,وبشر الصابرين
0,ماعندك شرف 
1,﻿يا طيب صباحك كل خيرات
1,﻿صباح ملؤه الحب و العرفان
1,﻿انا دايما فرحان و مش سائل بالدنيا و الحمد لله
0, هدا ماهو عقل هدا تخلوف 
0,﻿ ﻋﺎﻫﺎﺗﻚ ﻳﺎ ﻭﻃﻨﻲ
0,الهم اجرنا من الظلم ولا تجعلنا من الظا لمين
0, مش عارف كيف اهلهم سمحولهم يقدمو في البرنامج هادول شغل بطون
0,الا لعنة الله على الشيعة الى يوم الدين
0,خنقوووني
0,هههههههه ولكو ما إحنا ميتين من دون هالوسطه
1,يشم الطيب ويتعطر يا دكتور عمر
1,﻿عيش زي ما بدك و ما ترد على حدا ابدا
0, عــرب جـــرب
0,بارد ومصقع
1,اللهم لا تحرم احد من هذه النعمة
1,﻿اللهم بارك فيك و عليك و ثبتك
0,مؤامره معروفه ضد الشرفاء في هذا البلد
1,من ترك شيءا لله عوضه الله خيرا منه
0,﻿ حرام 
1,﻿الحمد لله الذى لا يُحمد على مكره سواه
0, اندهش لما عرف الحقيقة 
1,الله يبارك لنا فى ايامنا
0, والله تحشيش
0,﻿و كمان بالمقارنة بالدول الأخرى في الجانب التقني فإن مفاعل Atmea1 الفرنسي-الياباني و مفاعل AES92 الروسي لم يتم تجربة تشغيلهما بعد. فالأول لم يبدأ العمل على تصميمه بعد ، لذا لا توجد مراجعة شاملة و عميقة لسلامة التصميم، و بغض النظر عن الأردن فلا توجد أي آفاق تجارية لهذا النموذج حتى اللحظة. أما عن تصميم AES92 فتم في الهند و ذكرت تقارير أنه جاهز للعمل في نهاية 2012، و لم يتم تشغيله لحد الآن
1,﻿كن مع الله و لا تبالي 
1,﻿صباح الخير و التفكر 
0,ما انا شطبت
0,منيك ولك 
0, كافر ملعون جهنم باذن اللة
1,﻿المسلم الفطن النقي يتصرف بما يرضي الله في السر و العلن نسأل الله عز وجل ان نتبع كل ما يرضيه عنا
0,طبعا اكيد ﻻ والف ﻻ
1,سبحان الله قادر على كل شىء
1,اللهم استرنا وجميع بنات المسلمين
1,لا استطيع اللهم ارزقنا العافية وشكر نعمتك
0,كلب وحقير
1,صباح الفل
1,الخشوع هو المرحلة التالية للتركيز والتركيز يأتى بإطالة القراءة والتدبر واطالة الركوع والسجود
1,﻿الدال على الخير كفاعله
1,اللهم ارزقني كما ترزق البغاث 
1,﻿اللهم ارزقنا السلامة و العافية في ديننا و دنيانا
0,﻿احنا ما بدنا اياه لانا ما منفهم المفاعل النووي فوق طاقتنا صعب علينا و بكرة بذكركم و سألوا الباص السريع الثقة معدومة... القمح فاسد المصفاه مش حسب المواصفات الخضار والفواكه مواد كيماوية شوارع مش مصانة حفر ومطبات ....الخ الافضل استغلال الطاقة الشمسية او الريح او الماء.. ليس هروب من التطور وانما الابتعاد عن الفشل الأكيد عبر التجارب .
1,اللهم اكرمنا برضاك
0,"اخبار ""مسخرة"".....!!!!"
0,هههههههههههههههههههههههههههههه­ههههه بكفي القعدة تبعته
1,الله يصبحك برضاه
1,سلمت امري ل ربي عالمين رغم البعد احس ان ربنا رح يكتب ويجمعنا ويكون نصيبي 
0, لبنان وزبالتوا
0, عاهاتك يا وطنعاهاتك يا وطن
0,نعم اردننا غير قابل للتلاعب بارواح ابناءه
0, حثاله على حثاله والحثاله انظف منهم
1,هذا اكيد
1,احسن أظن بالله وتوكل عليه وحده
0,﻿ سخيفه ب قوووه
1,لا يأس مع الحياه
0, هذا اللى فالحين فيه العرب ، فقط الهبل و التخلف
1,﻿سبحان الله و له فى خلقه شؤون
0, بيخزي
1,﻿اللهم ارزقنا الاخلاص في القول و العمل و في السر و العلن و في الرخاء و الشده و في العافيه و المرض و عند الابتلاء
0,إحتمال ما يشارك الليو  االبايخ 
1,انا علي ثقه اني استطيع فعل اي شئ لان أنا من صنع الله
0,صراحة بخزي من دون مجاملة
1,رجعتولنا الفرحة اللي نسيناها
1,هل تعلم ان المطر يتشكل اولا على هيئة بلورات ثلج داخل الغيوم و يتحول الى قطرات ماء بعد ذوبانه و هو في طريقه الى اليابسة.
1,ابتعد عن التشاؤم وعيش يومك بالتفاؤل لغد احلى
0,كلامك في غاية الجديه صحيح
0,﻿ واثق من نفسه الحبيب 
1,انتا عظيم يا راجل
1,﻿و بلبل شادى بفنه
0,عنجد بخزي شو هاد على حساب ازياء طلع باله
0, ايه الهبل دا
0,انا خلينى ساكتة احسن
0, بعين الله يا امال كلهن ستين سبعين سنه وبمضن وبتهون
1,الله حيهم هالشباب انتوا القدوة
0, هذا اللي بالنص من لجنة الحكم مفكر نفسو وديع الصافي و هو شقفة علاك 
1,﻿الله يشافيك و يعافيك من كل داء وهامة أخي سيد الوكيل
1,وأعظمها امة سيدنا محمد
0,هاد كلو كزب ياهبلة والله
1,﻿الذي طبعه رائع ما يمكن ان يتغير راح يبقه رائع
1,نعم فالنجعل حب الله هو الغايه وربنايسامح كل تائب
1,سبحان الله ان الله يرزق الدوده في جوف البحر
0,﻿ الللجنه ما تنطاق
1,قل لي من تصاحب أقول لك من أنت
1,﻿صباح يغِسلُ گل ما لا يروقني فيً حيٱتيَ و حيٱة ٱحبتيّ و يِجًعلنٱ نتَنفِسْ حُبٱ
0, غباء في غباء لان نفس الحركه صارت في american idol يعني قلدنه البرنامج وبعد التصرفات اوووف
1,سبحانك ربي اني كنت من الضالمين
1,﻿بارك اللة فيك و نتمنى المزيد من النصائح
1, الحل الوحيييييييد(حب الله ورسوله وطاعتهم)
0,﻿و الله و الله عباره عن أعاده تدوير للمخلفات النوويه و الأردن منها بس الأرض و الجمهور بتراب الفلوس ارحمو هل البلد هلكتوها صرنا علا لسان الكل انا إحنا حراميه و بس كلشي انباع بالبلد الواحد خايفه بكره يبعيوه كمان ارحمونا الله لا يسامحكم
0,ما هيك بيقولوا : للأسف ما عجبت حدا . انت جاهل يا هذا . ليس هكذا تدعو الناس لقول لا اله الا الله محمد رسول الله . انت غبي يا صاحبل هذا البوست و لا تفقه شيئا من العلم و الدين . انت هيك تبين انك في قمة الجهل و العار . قل كلاما جيدا محببا و لا تتلفظ بالكلام السيئ . انما تعجبنا كلنا لو قلت انطقوا بالشهادتين يا أولي الالباب
0, مسوي انه مندهش
0, دار الزمن وصار الوسط الفني كله نفس ذي العاهات ووضحكو هما علينا
0,﻿عادي محنا اتعودنا على الرفع من يوم يومنا و احنا ما بنعرف غير الرفع همه برفعو و نحنا بندفع و على حسابنا
1,﻿يا جماعه دعواتكم لاهل سوريا فهم في اشد الحاجه لدعائنا لنرفع اكفنا لرب الكون ان يحميهم و يحمي كل امة محمد لا تنسوهم من دعائكم و المال الذي وهبكم الله فيا بني ادم يوما لك ويوما عليك و كما تدين تدان
1,﻿اللهم اغفر له و وسع لك رحمتك له و اصلح له ذريته
1,والنعم والاخلاق والنعم والصداقه والنعم ف الاخوه
1,﻿و ريحة الياس و الحنة
0, انشالله انو يطلع كلام فاضي لانو اذا ضربت سوريا الاردن رح اتصير حرب عالمية ثالثة وما رح اتخلص غير لما نتخزق
1,﻿صباحك طيب كطيب المسك و العنبر
0,﻿احنا شعب مش عارفين نبني شارع و نعمل له صيانة كيف موضوع مفاعل ما عنا خبرة فيه و كل البلاد المتقدمة بس بلشت تلغي هذا النوع من الطاقة . رحنا لجأنا له. متناسين اننا في منطقة حفرة الانهدام و عرضة للزلازل . و غير اننا عرضة للنصب من خلال الجهل و الفساد المتفاقمين عنا. و غير نسب السرطان المتزايدة بدون واسطة . و بالاخير بقولوا عنا شعب متخلف اذا رفضنا علم صعب التطبيق عنا.. و الاولى انو نراجع ادارة الموارد و الاصلاح و تقويم انفسنا لحل مشاكل الطاقة وغيرها ....
0,﻿ لو حد يا جماعة يعرف طبيب اذن يدلني ولا شكلي هارميهم خلاص باظو 
1,والشكرلله والفضل لله على هذه النعمه التي انعم الله علينا بها وجعلنا من الماء كل شي حي
0, انسان غريب 
1,يا عني علي ذكرك و شكرك و حسن عبادتك
0,"﻿هو أحنا خلينآ نخلص أم هالبرجين الللي صرلهم 16 سنة و بعدين بنفكر نعمل نووي "" سلمي "" هههه من الديسي"
1,يارب يقدرنا على ادخال المياه النظيفة لكل بيت محتاجة المياه
0, لا حول ولا قوة اللا بالله العظيم ،لم أكن أعلم ان نسبة ذكاء العرب منخفضه جدا الى هذا الحد
0,من وين انجيب حرام عليكم
0,﻿حسبنا الله و نعم الوكيل في اناس همهم تجويع الشعب
0,مسكيييييييييين﻿
0, يلعن اخت المياعة والبياخة
0, صوتك موش حلو
1,ما اروع برنامج الطريق الى الله
1,الكلام في البدايه بكون حلو لاكن من يبقي خير
1,روعه
0, يعني هي ما راح تعتزر
0, هذا انا واغني وانا بالحمام وانتوا .. بكرامه صوتي احلا من العاهات هذيل
1,احسنت و ابدعت و وصفت ما يدور او يجول في راس كل شاب ملتزم و كل فتاه عفيفه نقيه تقيه
1,ربنا يبارك فيك
0, وش جابني هنا ثقيلين دم
0, حثالة و شباب صايع
1,لو نريد الخشوع حقا نطلق الدنيا
0,المفاعل النووي سيحتاج لشريك استراتيجي يمتلكه او جزء كبير منه وستدفع الحكومة الأردنية ثمن الكهرباء لهذا المستثمر لذلك يوجد احتمال كبير ان ترتفع هذه الفاتورة
1,فعلا والله هو القرار والثبات عليه
0,﻿و الله مش عارفة شو بدنا نسوي نشحد مثلا
1,حلو الشخص يكون عنده هدف و يشتغل عليه لكن الدراسه شئ ضروري .. 
1,المهم هو الصادق معي الناصح لي
1,الحب في الله شيء جميل جدا 
1,يارب احمينا من شرور انفسنا وسىئات اعمالنا
0,﻿أنا ضد النووي .و الأﺟﺪﻯ ﺑﺪﻭﻟﻪ كالأردن البحث عن مصادر للطاقه النظيفه .و خصوصا إننا نفتقر للماء . و الأجدى بنا أيضا أن نبحث عن سبل لحل مشكلة المياه بالمبالغ التي ستصرف على المفاعلات النوويه
1,الوفاء في غير قلبك ما لقيت
1,يارب دعوناك فستجب لنا وحقق لنا ماهو اصلح وافضل لنا
0, هبله
1,﻿اللهم اجعل سريرتي خير من على نيتي و اجعل على نيتي صالحة
0, حتى فى التخلف مش فالحين منيح
1,﻿اللهم نقي نفوسنا و أجعلنا لك من المخلصين سرا و جهرا 
1,﻿الله على دينا العظيم
0, بعضهم جايبينهم تمثيل 
0,اللي لفت انتباهي الدبه اللي﻿ جنبها
0,﻿بس مو مزبوط
1,﻿يا رب بلغنا رمضان و أنت راضي عنا 
1,اشداء على الكفار رحماء بينهم
0,مارح يتغير شي بعد 50 سنه رح نلاقي بالجرايد خالد النووي يطالب ابراهيم النووي بتأجيل مشروع المفاعل النووي لان في مشاريع اهم زي مياه سفيان الديسي وخط ابو يوسف للباص السريع ... عادي
0, قرف شوهاد شي بخزي عنجد 
0, روح انتحر !! 
0, عاهاتك يا وطني
1,هذا هو المهم
1,﻿كل شخص فينا بيتمنى الخشوع في صلاته يا رب يتقبل صلاتنا و صيامنا
1,هاي اخلاق خليلنا الحبيب
1,صباحات الانوار 
1,جزاك الله خيرا ياأستاذ مصطفى على ماتبثه في انفسنا ربنا يكثر من أمثالك
1,﻿تسلم انت و افكارك
1,﻿ربنا يهدينا و يهدي بينا أمة محمد الغافلين
1,اللهم اعنى على ترك المعاصى حبا فى نور وجهك
1,﻿و مفيش احلى من قضاء ربنا
1,الماء اساس الحياه
0,﻿ من اين لنا المياه لتبريد المفاعل النووي فهو يحتاج الى نصف مليون مترا مكعبا من المياه لتبريده سنويا على الاقل والقاصي والداني يعرف اننا في بلد يعاني من شحة المياه اما كعلوم و معرفة بالعلوم النووية و الطاقة فانا احب ان يتعلمها المتعلمين في بلادنا بدءا من جدول مندلييف للعناصر مرورا ب العناصر المشعة و نظرية اينشتاين للطاقة و نظريات الفيزياء الكمية و البحث في عمر البروتون و النيوترينو والكواركات واللبتونات والuncertainty principle و النظائر المشعة و تفتيت الذرة و اشعة جاما و بيتا و الفا و الراديوم و البلوتونيوم و البروتونات و كافة النظريات بما فيها انواع المفاعلات النووية و تجارب الامم فيها مثل اليابان و المانيا و روسيا و فرنسا و امريكا و للعلم فقط انها علوم نظريا سهلة و بسيطة و يستطيع فهمها حتى الانسان ذو الخلفية و الرغبة العلمية و على جميع او على الاقل جزء من علمائنا ان يقرروا المسار الذي يجب ان نسلكه و نسير فيه بهذا الخصوص بموازنة المخاطر و المكاسب و بعدها و على اساس النتيجة و الفائدة الواضحة يتم الاعتماد لقرارهم ان كان سلبا ام ايجابا
1,﻿أنما بعثت لأتم مكارم الأخلاق
0, السادس الراء رايحه
1,﻿اللهم انا نعوذ بك من الرياء و النفاق
1,صدقت
1,﻿يا رب اسعد قلبي
1,﻿اللهم احسن خواتيم اعمالنا و اجعل كل اوقاتنا طاعه
0,نار جهنم تاخدو
1,يا عطاء. يامنان يا اكرم الاكرمين
0, ياحيوان 
1,﻿صدقتي رائعه و معبره الكلام
0,واو حلو
1,﻿الله يعطيك الصحه و العافيه  
1,﻿الحمد لله على نعمة الإسلام
0, اااه ياشويه عاهااااااات
0, لالا بس اغلبهم داريين بس يقولها استعباط ورفع ضعط خذها مني
1,﻿الرائع سيظل رائعا حتى نهاية العمر
1,﻿و خير الابتسامة 
0,·          رائع والله اصبت القول الاسف لاكن مافي أي حدآ بيستحمل الانتقآد ؟؟
1,اللهم إني اعود بك من الذنوب التي تزيل نعمتك وتحول عافيتك وتحبس رزقك وتعجل بغضبك
1,﻿يا لطيف الله يلطف فينا و يصلحنا ظاهر باطن
0,﻿ ومازال العود مصدي 
0, والله شككني في البرنامج انة سوبر ستار او برنامج كوميدي
1,انا لا أحلم ان اغير العالم ولكن احلم بأن استطيع ان ارسم البسمه علي وجوه الآخرين
1,ما اجمل الاخاء
0,﻿ طول عمرك تخاف من الحب أجل 
0,لا هديله بالجزمة طبعا
0,اذا الخبر صحيح انا اول شخص بطالب بالهجرة لاي دولة خليجية او اوروبية او حتى اسرائيل
1,يا معين يا رب
0,الى جهنم وبئس المصير
0, يا اخوان انتبهوا الى انة اكثر المشتركين المايعين من لبنان او سوريا وهذا حالهم لان تركوا ملة الاسلام وتبعوا الميوع مع الشيطان
0, سخافه مالها حدود
0, جورج وسوف حلب مو طبيعي
1,﻿صح فالابتسامه تصنع السعاده
0, لا محالة أول شيء يحدث له بعد عودته للمغرب سيتم اغتصابه كالعاهرة
0,الله يخزيك
0,انا ضد المفاعل
0, ياجماااعه يقولون بشار الاسد ماااات
1,يُسعدنِي وُجودُكمْ بِالصَفْحَة 
1,ياااارب قربني إليك وأقترب لي أكثر
1,اللهم لم شمل جميع المسلمين
0, اسخف لجنة تحكيم شفتها بحياتي
0,﻿ تافهين جدا
0, جابو المسخره لنفسهم الله لايردهم
1,﻿صبأحكم امل مشرق و عطا متجدد كمأ شروق الشمس
1,صباحك خير يا دكتور سلمان
1,نعم احسنت ، واجبة على كل مسلم وحق لكل مسلم.. فتح الله عليكم
1,ربنا يسهل
1,﻿عين العقل و ربي
0,﻿الله لا يخلف عليهم و لا يكثر خيرهم فعلن شعب مسكين و عبد الله النسور بطل رفع الاسعار 
1,﻿الحمد لله على نعمه التي لا تحصى الحمد لله الذي تكفل برزقي الحمد لله لانه رب يستحق الحمد على السراء و الضراء
0,﻿حسبي الله و نعم الوكيل في كل ظالم و مفتري و الله يعين الشعب
0,والله حرق لاخوات الكلب
1,﻿صباح الورد و لوجه طيبة
0,مش من بني ادم انتي من جنس الحيوانات
1,بجد ربنا يبارك فى كلماتك بتوصل والله
1,ربنايقويك اتشجعي وخوذي قرار وخلي الصحبة الصلحة جنبيك
1,اللهم أعنا على ذكرك وشكرك وحسن عباتك
0,﻿للي مفكرين المفاعل راح يطورهم - المفاعل راح يدمر الأردن و المنطقة اللي حولها لأن الفساد الموجود بالأردن مش موجود بدوله أخرى وهذا يعني أن الفاسدين رايحين يسمسروا و يلهفوا لما يوصلوا اشكل مفاعل للأردن و ناسين أن المفاعل يحتاج إلى بحر ماء للتبريد و نحن لانملك ماء للشرب و ناسين أن التطور يكون بمشاركة الجميع و ليس بقرار فردي و ناسين أن الذي أقر المفاعل هو المحتكر الأول هيئة الطاقة و أن شاغرها بقي معلق أثناء فترة تسلم طوقان وزارة التربية و التعليم ؟؟؟ لدول المتقدمة بدأت تبحث عن بدائل للمفاعلات و احنا بنشتري الخربان منهم مشان التقدم و بلدنا بفضل الله لديها طاقة الرياح و طاقة الشمس لماذا لا يتم إستغلالها بدل المفاعل النووي طالما أكلنا معظمه فاسد و غير صالح بسبب الجشع و الطمع و الفساد.
1,﻿أجمل ابتسامه
1,ربنا يصلح حالنا جميعا
0,﻿ يا ريتك ما كبرت 
1,اطمئن يا قلبى فرزقى لا ياخذة غيرى
0,رئيس مو عارف يحكي حرف الاس .. روح تخيب ولك يلعنها انيسه على هيك جحش خلفتو
0, اين ذهبوا العلماء والمخترعين والمفكرين .. جرب في جرب
1,صباح الحب من الله علينا جميعا
0, سد بوزك
0, واللله الناس دي ما شايلة هم ابدن علشان كده مسخرو نفسهم او كرامتهم راحت
0, ﻻ تخليني اسب هون هاااااااات
1,﻿صباح العفو و التسامح صباح الخير لوجه الخير
1,﻿صباح الخير و الحرية و النصر
0, يلعن ابو التخلف
0, صج معوق
1,﻿الحمد لله مااكرمك يا الله
1,كن انت التغير الذي تريد ان تراه
1,﻿صباح الخير و السعادة لكم
1,يا الله عالمواساه يرحم ايام زمان
1,﻿ و نجدد قلبنا بالإيمان مع بعض 
1,الله يوفقنا لصداقة امثالهم
1,﻿ نسأل الله العفو و العافية
0,ويوجد البديل الطاقة المتجددة !
0, صوتك وحش
0, اش التفاهه هاذي ......
0, فيديو بايخ
1,كلام رائع وفي وقته وربنا قادر علي كل شئ
0, تكالبت عليه الكلاب ولم تسمح له بالبروز بعد البرنامج
0,لا احدالاخوة
1, صح جدا
0, المرأة تهان وتعامل كأداة جنسية تحت مسميات عديدة كالمسيار والمسفار والمصياف... إلخ وكلو بتمنو
0, سامجين بس يمسخرون المشتركين وقاحه 
0,﻿ دمرني النصاني هودعيك يربي بطني
1,اللمة هي احلى اشي بالافراح
1,احبك ربي 
0,الاشغال
1,فاظفر بذات الدين تربت يداك
0,يلعن الساعة الي بشرت فيك
1,وانا من الناس اللي فعلا محتاجين يحاسبوا نفسهم ويصلحو من نفسهم لاننا عارفين انه لا ملجأ لنا الا لله
1,اللهم اسعد كل انسان
1,اللهم اصلح حال المسلمين
0,"هو أحنا خلينآ نخلص أم هالبرجين الللي صرلهم 16 سنة وبعدين بنفكر نعمل نووي "" سلمي "" هههه من الديسي"
0,  بيجيبو الشيوخ ليسهزاءو فيهم
1,من ترك شيئا لله عوضه الله خيرا منه
1,﻿كلامك يشعرني بالتفاؤل ... و يمدني بالقوة و الاستمرار
0, شعب سخيييييييييف
1,اي والله
1,﻿كلام سليم الف بالميه و الله
0,بالله تسكتوا خلينا بحالنا بدناش مشاكل ايه
1,﻿يا رب بناتنا و شبابنا كلهم يستطيعوا العمل بهذه النصيحة يا ريتا كلنا نتذكر أننا كلنا دعاه للإسلام بأخلاقيتنا و الصفات الحسنة
0, لكن هذا البرنامج السخيف الرخيص واضح التمثيل فيه 
0,والله ايلى اختشه ماتوا 
1,سلمت يداك روعة
1,ظني بالله جميل
1,﻿انا بدأت و اتحرك و شاركت بفكرة ستغير الكثير من واقعن
0,﻿الا يكفي ان نسبة مرضى السرطان في الاردن اعلى نسبة عالميه بسبب مفاعل دايمونه الاسرائيلي .و بكل جهل نضعهه في بلدنا؟؟؟؟؟؟؟؟؟؟؟؟؟؟
0,﻿ قرفت انتحر عن الدرج 
1,اجمل حاجه في الحياه كلها اننا نرضي ربنا وبس مش كتير والله علي ربنا بالعكس ده ولا حاجه في نعمته علينا كفايه اننا مسلمين بس الحمد لله 
0, ده سوسن خالص ينهار اسود 
0,ناشدتك الله ......
0,﻿ من جد سوبر أبقار
0, صار عناد وكره و قلة أدب.... . بس ظلموها
0, اننا نعيش في زمن بلا رحمه
1,اللهم انا نسالك رزقا حلال طيبا مباركا يعيننا علي طاعتك
